SSC_CODE,SSC_NAME,Self_Reporting_Health_as_Excellent_or_Very Good,Feeling_Part_of_Community,Unemployment,Participation_in_Citizen_Engagement_Activities_Last_12_Months,Active_Community_Where_People_Get_Involved_In_Local_Issues
10020,Albury,0.479,0.758,0.075,0.53,0.748
10094,Balranald,0.459,0.804,0.049,0.656,0.631
10117,Barham,0.393,0.814,0.042,0.72,0.795
10121,Barooga,0.402,0.767,0.067,0.56,0.758
10290,Boomanoomana,0.402,0.767,0.067,0.56,0.758
10388,Bungowannah,0.479,0.758,0.075,0.53,0.748
10393,Buronga,0.481,0.775,0.075,0.529,0.729
10560,Collendina,0.402,0.767,0.067,0.56,0.758
10602,Coomealla,0.481,0.775,0.075,0.529,0.729
10624,Corowa,0.528,0.769,0.047,0.658,0.75
10669,Curlwaa,0.481,0.775,0.075,0.529,0.729
10686,Dareton,0.481,0.775,0.075,0.529,0.729
10703,Delegate,0.434,0.767,0.06,0.622,0.674
10764,East Albury,0.479,0.758,0.075,0.53,0.748
10811,Ellerslie (Wentworth - NSW),0.481,0.775,0.075,0.529,0.729
10853,Euston,0.459,0.804,0.049,0.656,0.631
10986,Gol Gol,0.481,0.775,0.075,0.529,0.729
10989,Goodnight,0.459,0.804,0.049,0.656,0.631
11138,Howlong,0.528,0.769,0.047,0.658,0.75
11186,Jingellic,0.546,0.805,0.058,0.582,0.724
11235,Khancoban,0.546,0.805,0.058,0.582,0.724
11236,Kiah,0.434,0.767,0.06,0.622,0.674
11283,Koraleigh,0.459,0.804,0.049,0.656,0.631
11285,Kosciuszko National Park,0.434,0.767,0.06,0.622,0.674
11325,Lalalty,0.402,0.767,0.067,0.56,0.758
11489,Mathoura,0.402,0.767,0.067,0.56,0.758
11536,Mila,0.434,0.767,0.06,0.622,0.674
11563,Moama,0.459,0.773,0.064,0.6,0.746
11645,Mullengandra,0.546,0.805,0.058,0.582,0.724
11786,Nungatta,0.434,0.767,0.06,0.622,0.674
11787,Nurenmerenmong,0.546,0.805,0.058,0.582,0.724
11894,Pooncarie,0.481,0.775,0.075,0.529,0.729
12093,South Albury,0.479,0.758,0.075,0.53,0.748
12123,Speewa (NSW),0.459,0.804,0.049,0.656,0.631
12126,Splitters Creek,0.479,0.758,0.075,0.53,0.748
12285,Tocumwal,0.402,0.767,0.067,0.56,0.758
12291,Tooleybuc,0.459,0.804,0.049,0.656,0.631
12292,Tooma,0.546,0.805,0.058,0.582,0.724
12456,Wentworth (NSW),0.481,0.775,0.075,0.529,0.729
12467,West Albury,0.479,0.758,0.075,0.53,0.748
12527,Wirlinga,0.546,0.805,0.058,0.582,0.724
12568,Woomargama,0.546,0.805,0.058,0.582,0.724
20001,Abbotsford (Vic.),0.576,0.715,0.073,0.632,0.589
20002,Aberfeldie,0.468,0.737,0.056,0.544,0.615
20003,Acheron,0.406,0.807,0.051,0.617,0.65
20004,Aireys Inlet,0.546,0.776,0.038,0.693,0.793
20005,Airport West,0.468,0.737,0.056,0.544,0.615
20006,Albanvale,0.352,0.651,0.099,0.356,0.4
20007,Albert Park (Vic.),0.588,0.697,0.05,0.594,0.667
20008,Alberton (Vic.),0.427,0.787,0.046,0.563,0.667
20009,Albion (Vic.),0.352,0.651,0.099,0.356,0.4
20010,Alexandra (Vic.),0.406,0.807,0.051,0.617,0.65
20011,Alfredton,0.509,0.732,0.051,0.519,0.65
20012,Allansford,0.547,0.782,0.031,0.609,0.761
20013,Allendale,0.501,0.757,0.039,0.682,0.728
20014,Alma (Vic.),0.407,0.785,0.09,0.569,0.725
20015,Alphington,0.576,0.715,0.073,0.632,0.589
20016,Altona (Vic.),0.429,0.699,0.058,0.529,0.531
20017,Altona Meadows,0.429,0.699,0.058,0.529,0.531
20018,Altona North,0.429,0.699,0.058,0.529,0.531
20019,Amphitheatre,0.43,0.754,0.048,0.693,0.64
20020,Anakie,0.451,0.743,0.082,0.489,0.534
20021,Anglesea,0.546,0.776,0.038,0.693,0.793
20022,Apollo Bay (Vic.),0.527,0.795,0.057,0.678,0.765
20023,Apsley (Vic.),0.42,0.782,0.036,0.69,0.707
20024,Ararat,0.446,0.785,0.06,0.502,0.722
20025,Arcadia (Vic.),0.451,0.754,0.08,0.549,0.713
20026,Ardeer,0.352,0.651,0.099,0.356,0.4
20027,Ardmona,0.451,0.754,0.08,0.549,0.713
20028,Armadale (Vic.),0.511,0.716,0.04,0.544,0.598
20029,Arthurs Creek,0.566,0.718,0.027,0.558,0.748
20030,Arthurs Seat,0.467,0.755,0.056,0.505,0.639
20031,Ascot (Ballarat - Vic.),0.509,0.732,0.051,0.519,0.65
20032,Ascot (Greater Bendigo - Vic.),0.438,0.749,0.071,0.59,0.69
20033,Ascot Vale,0.468,0.737,0.056,0.544,0.615
20034,Ashbourne (Vic.),0.511,0.773,0.033,0.686,0.681
20035,Ashburton,0.567,0.721,0.04,0.559,0.654
20036,Ashwood,0.432,0.709,0.038,0.417,0.498
20037,Aspendale,0.465,0.708,0.065,0.483,0.559
20038,Aspendale Gardens,0.465,0.708,0.065,0.483,0.559
20039,Athlone,0.497,0.77,0.036,0.62,0.716
20040,Attwood,0.398,0.712,0.089,0.433,0.406
20041,Avalon (Vic.),0.451,0.743,0.082,0.489,0.534
20042,Avenel,0.573,0.777,0.052,0.713,0.776
20043,Avoca (Vic.),0.43,0.754,0.048,0.693,0.64
20044,Avondale Heights,0.468,0.737,0.056,0.544,0.615
20045,Avonsleigh,0.48,0.715,0.068,0.537,0.628
20046,Axe Creek,0.438,0.749,0.071,0.59,0.69
20047,Axedale,0.438,0.749,0.071,0.59,0.69
20048,Bacchus Marsh,0.475,0.752,0.057,0.618,0.65
20049,Baddaginnie,0.501,0.778,0.073,0.644,0.664
20050,Badger Creek,0.443,0.73,0.055,0.579,0.661
20051,Bagshot,0.438,0.749,0.071,0.59,0.69
20052,Bailieston,0.573,0.777,0.052,0.713,0.776
20053,Bairnsdale,0.434,0.767,0.06,0.622,0.674
20054,Bakery Hill,0.509,0.732,0.051,0.519,0.65
20055,Balaclava (Vic.),0.588,0.697,0.05,0.594,0.667
20056,Ballan,0.475,0.752,0.057,0.618,0.65
20057,Ballarat Central,0.509,0.732,0.051,0.519,0.65
20058,Ballarat East,0.509,0.732,0.051,0.519,0.65
20059,Ballarat North,0.509,0.732,0.051,0.519,0.65
20060,Ballendella,0.459,0.773,0.064,0.6,0.746
20061,Balliang,0.451,0.743,0.082,0.489,0.534
20062,Balmattum,0.573,0.777,0.052,0.713,0.776
20063,Balmoral (Vic.),0.541,0.777,0.054,0.593,0.74
20064,Balnarring,0.467,0.755,0.056,0.505,0.639
20065,Balnarring Beach,0.467,0.755,0.056,0.505,0.639
20066,Balwyn,0.567,0.721,0.04,0.559,0.654
20067,Balwyn North,0.567,0.721,0.04,0.559,0.654
20068,Bamawm,0.459,0.773,0.064,0.6,0.746
20069,Bamawm Extension,0.459,0.773,0.064,0.6,0.746
20070,Bandiana,0.479,0.758,0.075,0.53,0.748
20071,Bangholme,0.31,0.703,0.123,0.264,0.393
20072,Bannockburn (Vic.),0.532,0.745,0.04,0.574,0.608
20073,Baranduda,0.479,0.758,0.075,0.53,0.748
20074,Baringhup,0.559,0.768,0.064,0.733,0.815
20075,Barjarg,0.532,0.822,0.038,0.721,0.886
20076,Barkers Creek,0.559,0.768,0.064,0.733,0.815
20077,Barmah,0.402,0.767,0.067,0.56,0.758
20078,Barnawartha,0.528,0.769,0.047,0.658,0.75
20079,Barnawartha North,0.479,0.758,0.075,0.53,0.748
20080,Barongarook,0.527,0.795,0.057,0.678,0.765
20081,Barongarook West,0.527,0.795,0.057,0.678,0.765
20082,Barrabool,0.546,0.776,0.038,0.693,0.793
20083,Barwon Downs,0.527,0.795,0.057,0.678,0.765
20084,Barwon Heads,0.451,0.743,0.082,0.489,0.534
20085,Bass,0.357,0.757,0.056,0.68,0.652
20086,Batesford,0.451,0.743,0.082,0.489,0.534
20087,Baw Baw (Vic.),0.497,0.77,0.036,0.62,0.716
20088,Baw Baw Village,0.497,0.77,0.036,0.62,0.716
20089,Baxter,0.467,0.755,0.056,0.505,0.639
20090,Bayles,0.48,0.715,0.068,0.537,0.628
20091,Baynton (Vic.),0.511,0.773,0.033,0.686,0.681
20092,Bayswater (Vic.),0.427,0.708,0.052,0.463,0.571
20093,Bayswater North,0.51,0.708,0.056,0.485,0.505
20094,Beaconsfield (Vic.),0.48,0.715,0.068,0.537,0.628
20095,Beaconsfield Upper,0.48,0.715,0.068,0.537,0.628
20096,Bealiba,0.407,0.785,0.09,0.569,0.725
20097,Bearii,0.402,0.767,0.067,0.56,0.758
20098,Beaufort (Vic.),0.43,0.754,0.048,0.693,0.64
20099,Beaumaris (Vic.),0.604,0.737,0.04,0.585,0.726
20100,Beeac,0.527,0.795,0.057,0.678,0.765
20101,Beech Forest,0.527,0.795,0.057,0.678,0.765
20102,Beechworth,0.528,0.769,0.047,0.658,0.75
20103,Belgrave,0.443,0.73,0.055,0.579,0.661
20104,Belgrave Heights,0.443,0.73,0.055,0.579,0.661
20105,Belgrave South,0.443,0.73,0.055,0.579,0.661
20106,Bell Park,0.451,0.743,0.082,0.489,0.534
20107,Bell Post Hill,0.451,0.743,0.082,0.489,0.534
20108,Bellbrae,0.546,0.776,0.038,0.693,0.793
20109,Bellbridge,0.546,0.805,0.058,0.582,0.724
20110,Bellfield (Banyule - Vic.),0.522,0.742,0.049,0.504,0.598
20111,Bells Beach,0.546,0.776,0.038,0.693,0.793
20112,Belmont (Vic.),0.451,0.743,0.082,0.489,0.534
20113,Bemm River,0.434,0.767,0.06,0.622,0.674
20114,Bena,0.498,0.798,0.033,0.714,0.719
20115,Benalla,0.501,0.778,0.073,0.644,0.664
20116,Benambra,0.434,0.767,0.06,0.622,0.674
20117,Bend Of Islands,0.566,0.718,0.027,0.558,0.748
20118,Bendigo,0.438,0.749,0.071,0.59,0.69
20119,Bendoc,0.434,0.767,0.06,0.622,0.674
20120,Bentleigh,0.554,0.737,0.051,0.469,0.572
20121,Bentleigh East,0.554,0.737,0.051,0.469,0.572
20122,Beremboke,0.475,0.752,0.057,0.618,0.65
20123,Berringa,0.532,0.745,0.04,0.574,0.608
20124,Berriwillock,0.408,0.815,0.044,0.69,0.801
20125,Berwick,0.416,0.669,0.079,0.381,0.525
20126,Bessiebelle,0.547,0.782,0.031,0.609,0.761
20127,Bet Bet,0.407,0.785,0.09,0.569,0.725
20128,Bete Bolong,0.434,0.767,0.06,0.622,0.674
20129,Bethanga,0.546,0.805,0.058,0.582,0.724
20130,Beulah (Vic.),0.4,0.798,0.051,0.732,0.722
20131,Beverford,0.459,0.804,0.049,0.656,0.631
20132,Beveridge,0.344,0.719,0.079,0.369,0.446
20133,Big Desert,0.481,0.775,0.075,0.529,0.729
20134,Big Hill (Greater Bendigo - Vic.),0.438,0.749,0.071,0.59,0.69
20135,Binginwarri,0.427,0.787,0.046,0.563,0.667
20136,Birchip,0.408,0.815,0.044,0.69,0.801
20137,Birdwoodton,0.481,0.775,0.075,0.529,0.729
20138,Birregurra,0.527,0.795,0.057,0.678,0.765
20139,Bittern,0.467,0.755,0.056,0.505,0.639
20140,Black Hill (Vic.),0.509,0.732,0.051,0.519,0.65
20141,Black Rock (Vic.),0.604,0.737,0.04,0.585,0.726
20142,Blackburn,0.509,0.69,0.061,0.541,0.585
20143,Blackburn North,0.509,0.69,0.061,0.541,0.585
20144,Blackburn South,0.509,0.69,0.061,0.541,0.585
20145,Blackwood (Vic.),0.475,0.752,0.057,0.618,0.65
20146,Blairgowrie,0.467,0.755,0.056,0.505,0.639
20147,Blampied,0.501,0.757,0.039,0.682,0.728
20148,Blind Bight,0.416,0.669,0.079,0.381,0.525
20149,Boisdale,0.427,0.787,0.046,0.563,0.667
20150,Bolwarra (Vic.),0.454,0.784,0.063,0.622,0.751
20151,Bonbeach,0.465,0.708,0.065,0.483,0.559
20152,Bonegilla,0.479,0.758,0.075,0.53,0.748
20153,Boneo,0.467,0.755,0.056,0.505,0.639
20154,Bonnie Doon (Vic.),0.532,0.822,0.038,0.721,0.886
20155,Bonshaw (Vic.),0.509,0.732,0.051,0.519,0.65
20156,Bookaar,0.43,0.82,0.037,0.577,0.768
20157,Boolarra,0.407,0.748,0.069,0.614,0.601
20158,Boolarra South,0.407,0.748,0.069,0.614,0.601
20159,Boole Poole,0.434,0.767,0.06,0.622,0.674
20160,Boorcan,0.43,0.82,0.037,0.577,0.768
20161,Boorhaman,0.48,0.81,0.064,0.56,0.804
20162,Boort,0.466,0.764,0.072,0.667,0.63
20163,Boronia,0.427,0.708,0.052,0.463,0.571
20164,Bostocks Creek,0.43,0.82,0.037,0.577,0.768
20165,Botanic Ridge,0.416,0.669,0.079,0.381,0.525
20166,Boundary Bend,0.459,0.804,0.049,0.656,0.631
20167,Bowenvale,0.407,0.785,0.09,0.569,0.725
20168,Box Hill (Vic.),0.509,0.69,0.061,0.541,0.585
20169,Box Hill North,0.509,0.69,0.061,0.541,0.585
20170,Box Hill South,0.509,0.69,0.061,0.541,0.585
20171,Braeside,0.465,0.708,0.065,0.483,0.559
20172,Branxholme,0.541,0.777,0.054,0.593,0.74
20173,Braybrook,0.49,0.705,0.073,0.531,0.548
20174,Breakwater,0.451,0.743,0.082,0.489,0.534
20175,Breamlea,0.451,0.743,0.082,0.489,0.534
20176,Briagolong,0.427,0.787,0.046,0.563,0.667
20177,Briar Hill,0.522,0.742,0.049,0.504,0.598
20178,Bridgewater (Vic.),0.466,0.764,0.072,0.667,0.63
20179,Bridgewater On Loddon,0.466,0.764,0.072,0.667,0.63
20180,Bright (Vic.),0.47,0.825,0.044,0.634,0.796
20181,Brighton (Vic.),0.604,0.737,0.04,0.585,0.726
20182,Brighton East,0.604,0.737,0.04,0.585,0.726
20183,Brim,0.4,0.798,0.051,0.732,0.722
20184,Brimpaen,0.439,0.803,0.042,0.674,0.843
20185,Broadford,0.426,0.748,0.077,0.598,0.638
20186,Broadmeadows (Vic.),0.398,0.712,0.089,0.433,0.406
20187,Broadwater (Vic.),0.547,0.782,0.031,0.609,0.761
20188,Brookfield (Vic.),0.407,0.706,0.076,0.445,0.49
20189,Brooklyn (Vic.),0.352,0.651,0.099,0.356,0.4
20190,Broomfield,0.501,0.757,0.039,0.682,0.728
20191,Brown Hill (Vic.),0.509,0.732,0.051,0.519,0.65
20192,Brucknell,0.43,0.82,0.037,0.577,0.768
20193,Brunswick (Vic.),0.424,0.702,0.074,0.479,0.546
20194,Brunswick East,0.424,0.702,0.074,0.479,0.546
20195,Brunswick West,0.424,0.702,0.074,0.479,0.546
20196,Bruthen,0.434,0.767,0.06,0.622,0.674
20197,Buangor,0.446,0.785,0.06,0.502,0.722
20198,Buchan,0.434,0.767,0.06,0.622,0.674
20199,Budgeree,0.407,0.748,0.069,0.614,0.601
20200,Buffalo,0.498,0.798,0.033,0.714,0.719
20201,Buffalo River,0.47,0.825,0.044,0.634,0.796
20202,Bulart,0.541,0.777,0.054,0.593,0.74
20203,Bulla (Vic.),0.398,0.712,0.089,0.433,0.406
20204,Bulleen,0.532,0.739,0.06,0.405,0.657
20205,Bullengarook,0.511,0.773,0.033,0.686,0.681
20206,Bullioh,0.546,0.805,0.058,0.582,0.724
20207,Buln Buln,0.497,0.77,0.036,0.62,0.716
20208,Buln Buln East,0.497,0.77,0.036,0.62,0.716
20209,Bunbartha,0.451,0.754,0.08,0.549,0.713
20210,Bundalaguah,0.427,0.787,0.046,0.563,0.667
20211,Bundalong,0.402,0.767,0.067,0.56,0.758
20212,Bundoora (Vic.),0.344,0.719,0.079,0.369,0.446
20213,Bungaree (Vic.),0.475,0.752,0.057,0.618,0.65
20214,Buninyong,0.509,0.732,0.051,0.519,0.65
20215,Bunkers Hill,0.509,0.732,0.051,0.519,0.65
20216,Bunyip,0.48,0.715,0.068,0.537,0.628
20217,Burnley,0.576,0.715,0.073,0.632,0.589
20218,Burnside (Vic.),0.407,0.706,0.076,0.445,0.49
20219,Burnside Heights,0.407,0.706,0.076,0.445,0.49
20220,Burramine,0.402,0.767,0.067,0.56,0.758
20221,Burrumbeet,0.509,0.732,0.051,0.519,0.65
20222,Burwood (Vic.),0.509,0.69,0.061,0.541,0.585
20223,Burwood East,0.509,0.69,0.061,0.541,0.585
20224,Bushfield,0.526,0.771,0.05,0.631,0.797
20225,Buxton (Vic.),0.406,0.807,0.051,0.617,0.65
20226,Byaduk,0.541,0.777,0.054,0.593,0.74
20227,Byawatha,0.48,0.81,0.064,0.56,0.804
20228,Byrneside,0.451,0.754,0.08,0.549,0.713
20229,Cabarita (Vic.),0.481,0.775,0.075,0.529,0.729
20230,Cairnlea,0.352,0.651,0.099,0.356,0.4
20231,Calder Park,0.352,0.651,0.099,0.356,0.4
20232,Caldermeade,0.48,0.715,0.068,0.537,0.628
20233,California Gully,0.438,0.749,0.071,0.59,0.69
20234,Calivil,0.466,0.764,0.072,0.667,0.63
20235,Callignee,0.407,0.748,0.069,0.614,0.601
20236,Calulu,0.434,0.767,0.06,0.622,0.674
20237,Camberwell (Vic.),0.567,0.721,0.04,0.559,0.654
20238,Cambrian Hill,0.532,0.745,0.04,0.574,0.608
20239,Campbellfield,0.398,0.712,0.089,0.433,0.406
20240,Campbells Creek,0.559,0.768,0.064,0.733,0.815
20241,Camperdown (Vic.),0.43,0.82,0.037,0.577,0.768
20242,Canadian,0.509,0.732,0.051,0.519,0.65
20243,Cann River,0.434,0.767,0.06,0.622,0.674
20244,Cannons Creek,0.416,0.669,0.079,0.381,0.525
20245,Canterbury (Vic.),0.567,0.721,0.04,0.559,0.654
20246,Cape Bridgewater,0.454,0.784,0.063,0.622,0.751
20247,Cape Paterson,0.357,0.757,0.056,0.68,0.652
20248,Cape Schanck,0.467,0.755,0.056,0.505,0.639
20249,Cape Woolamai,0.357,0.757,0.056,0.68,0.652
20250,Caramut,0.547,0.782,0.031,0.609,0.761
20251,Carapooee,0.503,0.789,0.055,0.503,0.734
20252,Carboor,0.48,0.81,0.064,0.56,0.804
20253,Cardigan,0.509,0.732,0.051,0.519,0.65
20254,Cardigan Village,0.509,0.732,0.051,0.519,0.65
20255,Cardinia,0.48,0.715,0.068,0.537,0.628
20256,Cardross,0.481,0.775,0.075,0.529,0.729
20257,Carisbrook,0.407,0.785,0.09,0.569,0.725
20258,Carlsruhe,0.511,0.773,0.033,0.686,0.681
20259,Carlton (Vic.),0.573,0.69,0.049,0.586,0.602
20260,Carlton North,0.576,0.715,0.073,0.632,0.589
20261,Carnegie,0.554,0.737,0.051,0.469,0.572
20262,Carngham,0.43,0.754,0.048,0.693,0.64
20263,Caroline Springs,0.407,0.706,0.076,0.445,0.49
20264,Carrajung,0.427,0.787,0.046,0.563,0.667
20265,Carrum,0.465,0.708,0.065,0.483,0.559
20266,Carrum Downs,0.54,0.696,0.078,0.403,0.573
20267,Castella,0.406,0.807,0.051,0.617,0.65
20268,Casterton,0.454,0.784,0.063,0.622,0.751
20269,Castle Donnington,0.459,0.804,0.049,0.656,0.631
20270,Castlemaine,0.559,0.768,0.064,0.733,0.815
20271,Catani,0.48,0.715,0.068,0.537,0.628
20272,Cathcart (Vic.),0.446,0.785,0.06,0.502,0.722
20273,Caulfield,0.554,0.737,0.051,0.469,0.572
20274,Caulfield East,0.554,0.737,0.051,0.469,0.572
20275,Caulfield North,0.554,0.737,0.051,0.469,0.572
20276,Caulfield South,0.554,0.737,0.051,0.469,0.572
20277,Cavendish,0.541,0.777,0.054,0.593,0.74
20278,Ceres,0.451,0.743,0.082,0.489,0.534
20279,Chadstone,0.432,0.709,0.038,0.417,0.498
20280,Charlton (Vic.),0.408,0.815,0.044,0.69,0.801
20281,Chelsea,0.465,0.708,0.065,0.483,0.559
20282,Chelsea Heights,0.465,0.708,0.065,0.483,0.559
20283,Cheltenham (Vic.),0.465,0.708,0.065,0.483,0.559
20284,Chepstowe,0.43,0.754,0.048,0.693,0.64
20285,Cheshunt,0.48,0.81,0.064,0.56,0.804
20286,Chewton,0.559,0.768,0.064,0.733,0.815
20287,Childers (Vic.),0.497,0.77,0.036,0.62,0.716
20288,Chiltern,0.528,0.769,0.047,0.658,0.75
20289,Chirnside Park,0.443,0.73,0.055,0.579,0.661
20290,Christmas Hills (Vic.),0.566,0.718,0.027,0.558,0.748
20291,Chum Creek,0.443,0.73,0.055,0.579,0.661
20292,Churchill (Vic.),0.407,0.748,0.069,0.614,0.601
20293,Clarendon (Vic.),0.475,0.752,0.057,0.618,0.65
20294,Clarinda,0.465,0.708,0.065,0.483,0.559
20295,Clarkefield,0.511,0.773,0.033,0.686,0.681
20296,Clayton,0.432,0.709,0.038,0.417,0.498
20297,Clayton South,0.465,0.708,0.065,0.483,0.559
20298,Clematis,0.48,0.715,0.068,0.537,0.628
20299,Clifton Creek,0.434,0.767,0.06,0.622,0.674
20300,Clifton Hill,0.576,0.715,0.073,0.632,0.589
20301,Clifton Springs,0.451,0.743,0.082,0.489,0.534
20302,Clonbinane,0.426,0.748,0.077,0.598,0.638
20303,Cloverlea,0.497,0.77,0.036,0.62,0.716
20304,Clunes (Vic.),0.501,0.757,0.039,0.682,0.728
20305,Clyde (Vic.),0.416,0.669,0.079,0.381,0.525
20306,Cobains,0.427,0.787,0.046,0.563,0.667
20307,Cobden,0.43,0.82,0.037,0.577,0.768
20308,Cobram,0.402,0.767,0.067,0.56,0.758
20309,Cobram East,0.402,0.767,0.067,0.56,0.758
20310,Cobrico,0.43,0.82,0.037,0.577,0.768
20311,Coburg,0.424,0.702,0.074,0.479,0.546
20312,Coburg North,0.424,0.702,0.074,0.479,0.546
20313,Cockatoo (Vic.),0.48,0.715,0.068,0.537,0.628
20314,Cocoroc,0.401,0.687,0.07,0.498,0.499
20315,Cohuna,0.393,0.814,0.042,0.72,0.795
20316,Coimadai,0.475,0.752,0.057,0.618,0.65
20317,Colac,0.527,0.795,0.057,0.678,0.765
20318,Colac East,0.527,0.795,0.057,0.678,0.765
20319,Colac West,0.527,0.795,0.057,0.678,0.765
20320,Colbinabbin,0.459,0.773,0.064,0.6,0.746
20321,Coldstream (Vic.),0.443,0.73,0.055,0.579,0.661
20322,Coleraine,0.541,0.777,0.054,0.593,0.74
20323,Colignan,0.481,0.775,0.075,0.529,0.729
20324,Collingwood (Vic.),0.576,0.715,0.073,0.632,0.589
20325,Concongella,0.503,0.789,0.055,0.503,0.734
20326,Condah,0.454,0.784,0.063,0.622,0.751
20327,Congupna,0.451,0.754,0.08,0.549,0.713
20328,Connewarre,0.451,0.743,0.082,0.489,0.534
20329,Coolaroo,0.398,0.712,0.089,0.433,0.406
20330,Coongulla,0.427,0.787,0.046,0.563,0.667
20331,Cooriemungle,0.43,0.82,0.037,0.577,0.768
20332,Cora Lynn,0.48,0.715,0.068,0.537,0.628
20333,Coragulac,0.527,0.795,0.057,0.678,0.765
20334,Corinella (Vic.),0.357,0.757,0.056,0.68,0.652
20335,Corio,0.451,0.743,0.082,0.489,0.534
20336,Coronet Bay,0.357,0.757,0.056,0.68,0.652
20337,Corop,0.459,0.773,0.064,0.6,0.746
20338,Cororooke,0.527,0.795,0.057,0.678,0.765
20339,Corryong,0.546,0.805,0.058,0.582,0.724
20340,Cottles Bridge,0.566,0.718,0.027,0.558,0.748
20341,Cowes,0.357,0.757,0.056,0.68,0.652
20342,Cowwarr,0.427,0.787,0.046,0.563,0.667
20343,Craigieburn,0.398,0.712,0.089,0.433,0.406
20344,Cranbourne,0.416,0.669,0.079,0.381,0.525
20345,Cranbourne East,0.416,0.669,0.079,0.381,0.525
20346,Cranbourne North,0.416,0.669,0.079,0.381,0.525
20347,Cranbourne South,0.416,0.669,0.079,0.381,0.525
20348,Cranbourne West,0.416,0.669,0.079,0.381,0.525
20349,Cremorne (Vic.),0.576,0.715,0.073,0.632,0.589
20350,Cressy (Vic.),0.527,0.795,0.057,0.678,0.765
20351,Creswick,0.501,0.757,0.039,0.682,0.728
20352,Crib Point,0.467,0.755,0.056,0.505,0.639
20353,Crossley,0.547,0.782,0.031,0.609,0.761
20354,Croydon (Vic.),0.51,0.708,0.056,0.485,0.505
20355,Croydon Hills,0.51,0.708,0.056,0.485,0.505
20356,Croydon North,0.51,0.708,0.056,0.485,0.505
20357,Croydon South,0.51,0.708,0.056,0.485,0.505
20358,Cudgee,0.547,0.782,0.031,0.609,0.761
20359,Cudgewa,0.546,0.805,0.058,0.582,0.724
20360,Culgoa,0.408,0.815,0.044,0.69,0.801
20361,Curlewis (Vic.),0.451,0.743,0.082,0.489,0.534
20362,Daisy Hill (Vic.),0.407,0.785,0.09,0.569,0.725
20363,Dales Creek,0.475,0.752,0.057,0.618,0.65
20364,Dallas,0.398,0.712,0.089,0.433,0.406
20365,Dalyston,0.357,0.757,0.056,0.68,0.652
20366,Dandenong,0.31,0.703,0.123,0.264,0.393
20367,Dandenong North,0.31,0.703,0.123,0.264,0.393
20368,Dandenong South,0.31,0.703,0.123,0.264,0.393
20369,Dargo,0.434,0.767,0.06,0.622,0.674
20370,Darley,0.475,0.752,0.057,0.618,0.65
20371,Darnum,0.497,0.77,0.036,0.62,0.716
20372,Darraweit Guim,0.511,0.773,0.033,0.686,0.681
20373,Dartmoor (Vic.),0.454,0.784,0.063,0.622,0.751
20374,Daylesford,0.501,0.757,0.039,0.682,0.728
20375,Dean,0.501,0.757,0.039,0.682,0.728
20376,Deans Marsh,0.546,0.776,0.038,0.693,0.793
20377,Dederang,0.47,0.825,0.044,0.634,0.796
20378,Deep Lead,0.503,0.789,0.055,0.503,0.734
20379,Deepdene (Vic.),0.567,0.721,0.04,0.559,0.654
20380,Deer Park,0.352,0.651,0.099,0.356,0.4
20381,Delacombe,0.509,0.732,0.051,0.519,0.65
20382,Delahey,0.352,0.651,0.099,0.356,0.4
20383,Denison,0.427,0.787,0.046,0.563,0.667
20384,Dennington,0.526,0.771,0.05,0.631,0.797
20385,Dereel,0.532,0.745,0.04,0.574,0.608
20386,Derrimut,0.352,0.651,0.099,0.356,0.4
20387,Derrinallum,0.43,0.82,0.037,0.577,0.768
20388,Devenish,0.501,0.778,0.073,0.644,0.664
20389,Devon Meadows,0.416,0.669,0.079,0.381,0.525
20390,Devon North,0.427,0.787,0.046,0.563,0.667
20391,Dewhurst,0.48,0.715,0.068,0.537,0.628
20392,Dhurringile,0.451,0.754,0.08,0.549,0.713
20393,Diamond Creek,0.566,0.718,0.027,0.558,0.748
20394,Digby,0.454,0.784,0.063,0.622,0.751
20395,Diggers Rest,0.407,0.706,0.076,0.445,0.49
20396,Diggora,0.459,0.773,0.064,0.6,0.746
20397,Dimboola,0.44,0.788,0.049,0.666,0.624
20398,Dingee,0.466,0.764,0.072,0.667,0.63
20399,Dingley Village,0.465,0.708,0.065,0.483,0.559
20400,Dinner Plain,0.47,0.825,0.044,0.634,0.796
20401,Dixons Creek,0.443,0.73,0.055,0.579,0.661
20402,Docklands,0.573,0.69,0.049,0.586,0.602
20403,Don Valley,0.443,0.73,0.055,0.579,0.661
20404,Donald,0.408,0.815,0.044,0.69,0.801
20405,Doncaster,0.532,0.739,0.06,0.405,0.657
20406,Doncaster East,0.532,0.739,0.06,0.405,0.657
20407,Donvale,0.532,0.739,0.06,0.405,0.657
20408,Dookie,0.451,0.754,0.08,0.549,0.713
20409,Doreen,0.566,0.718,0.027,0.558,0.748
20410,Douglas (Vic.),0.42,0.782,0.036,0.69,0.707
20411,Doveton,0.416,0.669,0.079,0.381,0.525
20412,Dreeite,0.527,0.795,0.057,0.678,0.765
20413,Dromana,0.467,0.755,0.056,0.505,0.639
20414,Drouin,0.497,0.77,0.036,0.62,0.716
20415,Drouin East,0.497,0.77,0.036,0.62,0.716
20416,Drouin South,0.497,0.77,0.036,0.62,0.716
20417,Drouin West,0.497,0.77,0.036,0.62,0.716
20418,Drumborg,0.454,0.784,0.063,0.622,0.751
20419,Drumcondra,0.451,0.743,0.082,0.489,0.534
20420,Drummond,0.501,0.757,0.039,0.682,0.728
20421,Drung,0.439,0.803,0.042,0.674,0.843
20422,Drysdale,0.451,0.743,0.082,0.489,0.534
20423,Dumbalk,0.498,0.798,0.033,0.714,0.719
20424,Dunkeld (Vic.),0.541,0.777,0.054,0.593,0.74
20425,Dunnstown,0.475,0.752,0.057,0.618,0.65
20426,Dunolly (Vic.),0.407,0.785,0.09,0.569,0.725
20427,Durham Lead,0.509,0.732,0.051,0.519,0.65
20428,Eagle Point,0.434,0.767,0.06,0.622,0.674
20429,Eaglehawk,0.438,0.749,0.071,0.59,0.69
20430,Eaglemont,0.522,0.742,0.049,0.504,0.598
20431,East Bairnsdale,0.434,0.767,0.06,0.622,0.674
20432,East Bendigo,0.438,0.749,0.071,0.59,0.69
20433,East Geelong,0.451,0.743,0.082,0.489,0.534
20434,East Melbourne,0.573,0.69,0.049,0.586,0.602
20435,East Sale,0.427,0.787,0.046,0.563,0.667
20436,East Wangaratta,0.48,0.81,0.064,0.56,0.804
20437,East Warburton,0.443,0.73,0.055,0.579,0.661
20438,Eastwood (Vic.),0.434,0.767,0.06,0.622,0.674
20439,Ebden,0.479,0.758,0.075,0.53,0.748
20440,Echuca,0.459,0.773,0.064,0.6,0.746
20441,Echuca Village,0.459,0.773,0.064,0.6,0.746
20442,Echuca West,0.459,0.773,0.064,0.6,0.746
20443,Ecklin South,0.43,0.82,0.037,0.577,0.768
20444,Eden Park,0.344,0.719,0.079,0.369,0.446
20445,Edenhope,0.42,0.782,0.036,0.69,0.707
20446,Edithvale,0.465,0.708,0.065,0.483,0.559
20447,Eganstown,0.501,0.757,0.039,0.682,0.728
20448,Eildon,0.406,0.807,0.051,0.617,0.65
20449,Elaine,0.475,0.752,0.057,0.618,0.65
20450,Eldorado,0.48,0.81,0.064,0.56,0.804
20451,Ellerslie (Vic.),0.547,0.782,0.031,0.609,0.761
20452,Elliminyt,0.527,0.795,0.057,0.678,0.765
20453,Ellinbank,0.497,0.77,0.036,0.62,0.716
20454,Elmhurst,0.43,0.754,0.048,0.693,0.64
20455,Elmore,0.438,0.749,0.071,0.59,0.69
20456,Elphinstone (Vic.),0.559,0.768,0.064,0.733,0.815
20457,Elsternwick,0.554,0.737,0.051,0.469,0.572
20458,Eltham (Vic.),0.566,0.718,0.027,0.558,0.748
20459,Eltham North,0.566,0.718,0.027,0.558,0.748
20460,Elwood,0.588,0.697,0.05,0.594,0.667
20461,Emerald (Vic.),0.48,0.715,0.068,0.537,0.628
20462,Emu Creek (Vic.),0.438,0.749,0.071,0.59,0.69
20463,Endeavour Hills,0.416,0.669,0.079,0.381,0.525
20464,Enfield (Vic.),0.532,0.745,0.04,0.574,0.608
20465,Eppalock,0.438,0.749,0.071,0.59,0.69
20466,Epping (Vic.),0.344,0.719,0.079,0.369,0.446
20467,Epsom (Vic.),0.438,0.749,0.071,0.59,0.69
20468,Erica,0.497,0.77,0.036,0.62,0.716
20469,Eskdale (Vic.),0.546,0.805,0.058,0.582,0.724
20470,Essendon,0.468,0.737,0.056,0.544,0.615
20471,Essendon Fields,0.468,0.737,0.056,0.544,0.615
20472,Essendon North,0.468,0.737,0.056,0.544,0.615
20473,Essendon West,0.468,0.737,0.056,0.544,0.615
20474,Eumemmerring,0.416,0.669,0.079,0.381,0.525
20475,Eureka (Vic.),0.509,0.732,0.051,0.519,0.65
20476,Euroa,0.573,0.777,0.052,0.713,0.776
20477,Eurobin,0.47,0.825,0.044,0.634,0.796
20478,Everton,0.48,0.81,0.064,0.56,0.804
20479,Eynesbury,0.407,0.706,0.076,0.445,0.49
20480,Fairfield (Vic.),0.576,0.715,0.073,0.632,0.589
20481,Fairhaven,0.546,0.776,0.038,0.693,0.793
20482,Falls Creek (Vic.),0.47,0.825,0.044,0.634,0.796
20483,Faraday,0.559,0.768,0.064,0.733,0.815
20484,Fawkner,0.424,0.702,0.074,0.479,0.546
20485,Fernbank,0.434,0.767,0.06,0.622,0.674
20486,Ferntree Gully,0.427,0.708,0.052,0.463,0.571
20487,Ferny Creek,0.443,0.73,0.055,0.579,0.661
20488,Fingal (Vic.),0.467,0.755,0.056,0.505,0.639
20489,Fish Creek,0.498,0.798,0.033,0.714,0.719
20490,Fitzroy (Vic.),0.576,0.715,0.073,0.632,0.589
20491,Fitzroy North,0.576,0.715,0.073,0.632,0.589
20492,Flemington,0.573,0.69,0.049,0.586,0.602
20493,Flinders (Vic.),0.467,0.755,0.056,0.505,0.639
20494,Flora Hill,0.438,0.749,0.071,0.59,0.69
20495,Flowerdale (Vic.),0.406,0.807,0.051,0.617,0.65
20496,Footscray,0.49,0.705,0.073,0.531,0.548
20497,Forest Hill (Vic.),0.509,0.69,0.061,0.541,0.585
20498,Forge Creek,0.434,0.767,0.06,0.622,0.674
20499,Forrest (Vic.),0.527,0.795,0.057,0.678,0.765
20500,Foster,0.498,0.798,0.033,0.714,0.719
20501,Framlingham,0.547,0.782,0.031,0.609,0.761
20502,Frankston,0.54,0.696,0.078,0.403,0.573
20503,Frankston North,0.54,0.696,0.078,0.403,0.573
20504,Frankston South,0.54,0.696,0.078,0.403,0.573
20505,Freeburgh,0.47,0.825,0.044,0.634,0.796
20507,Freshwater Creek,0.546,0.776,0.038,0.693,0.793
20508,Fryerstown,0.559,0.768,0.064,0.733,0.815
20509,Fulham (Vic.),0.427,0.787,0.046,0.563,0.667
20510,Fyansford,0.451,0.743,0.082,0.489,0.534
20511,Gannawarra,0.393,0.814,0.042,0.72,0.795
20512,Gapsted,0.47,0.825,0.044,0.634,0.796
20513,Gardenvale,0.554,0.737,0.051,0.469,0.572
20514,Garfield (Vic.),0.48,0.715,0.068,0.537,0.628
20515,Garfield North,0.48,0.715,0.068,0.537,0.628
20516,Garibaldi,0.532,0.745,0.04,0.574,0.608
20517,Garvoc,0.547,0.782,0.031,0.609,0.761
20518,Geelong,0.451,0.743,0.082,0.489,0.534
20519,Geelong West,0.451,0.743,0.082,0.489,0.534
20520,Gellibrand,0.527,0.795,0.057,0.678,0.765
20521,Gembrook,0.48,0.715,0.068,0.537,0.628
20522,Genoa,0.434,0.767,0.06,0.622,0.674
20523,Gentle Annie,0.497,0.77,0.036,0.62,0.716
20524,Gerang Gerung,0.44,0.788,0.049,0.666,0.624
20525,Gherang,0.546,0.776,0.038,0.693,0.793
20526,Gheringhap,0.532,0.745,0.04,0.574,0.608
20527,Girgarre,0.459,0.773,0.064,0.6,0.746
20528,Gisborne,0.511,0.773,0.033,0.686,0.681
20529,Gisborne South,0.511,0.773,0.033,0.686,0.681
20530,Gladstone Park,0.398,0.712,0.089,0.433,0.406
20531,Gladysdale,0.443,0.73,0.055,0.579,0.661
20532,Glen Alvie,0.357,0.757,0.056,0.68,0.652
20533,Glen Huntly,0.554,0.737,0.051,0.469,0.572
20534,Glen Iris (Vic.),0.567,0.721,0.04,0.559,0.654
20535,Glen Waverley,0.432,0.709,0.038,0.417,0.498
20536,Glenalbyn,0.466,0.764,0.072,0.667,0.63
20537,Glenburn,0.406,0.807,0.051,0.617,0.65
20538,Glenfyne,0.43,0.82,0.037,0.577,0.768
20539,Glengarry (Vic.),0.427,0.787,0.046,0.563,0.667
20540,Glengarry North,0.407,0.748,0.069,0.614,0.601
20541,Glenisla,0.541,0.777,0.054,0.593,0.74
20542,Glenlyon (Vic.),0.501,0.757,0.039,0.682,0.728
20543,Glenmaggie,0.427,0.787,0.046,0.563,0.667
20544,Glenorchy (Vic.),0.503,0.789,0.055,0.503,0.734
20545,Glenormiston South,0.43,0.82,0.037,0.577,0.768
20546,Glenrowan,0.48,0.81,0.064,0.56,0.804
20547,Glenroy (Vic.),0.424,0.702,0.074,0.479,0.546
20548,Glenthompson,0.541,0.777,0.054,0.593,0.74
20549,Gnarwarre,0.546,0.776,0.038,0.693,0.793
20550,Golden Beach (Vic.),0.427,0.787,0.046,0.563,0.667
20551,Golden Gully,0.438,0.749,0.071,0.59,0.69
20552,Golden Point (Ballarat - Vic.),0.509,0.732,0.051,0.519,0.65
20553,Golden Square,0.438,0.749,0.071,0.59,0.69
20554,Goldie,0.511,0.773,0.033,0.686,0.681
20555,Goon Nure,0.434,0.767,0.06,0.622,0.674
20556,Goorambat,0.501,0.778,0.073,0.644,0.664
20557,Goornong,0.438,0.749,0.071,0.59,0.69
20558,Gorae West,0.454,0.784,0.063,0.622,0.751
20559,Gordon (Vic.),0.475,0.752,0.057,0.618,0.65
20560,Gormandale,0.427,0.787,0.046,0.563,0.667
20561,Goroke,0.42,0.782,0.036,0.69,0.707
20562,Goughs Bay,0.532,0.822,0.038,0.721,0.886
20563,Gowanbrae,0.424,0.702,0.074,0.479,0.546
20564,Grahamvale,0.451,0.754,0.08,0.549,0.713
20565,Granite Rock,0.434,0.767,0.06,0.622,0.674
20566,Grantville,0.357,0.757,0.056,0.68,0.652
20567,Grassdale (Vic.),0.454,0.784,0.063,0.622,0.751
20568,Grassmere,0.547,0.782,0.031,0.609,0.761
20569,Great Western,0.503,0.789,0.055,0.503,0.734
20570,Greendale (Vic.),0.475,0.752,0.057,0.618,0.65
20571,Greensborough,0.522,0.742,0.049,0.504,0.598
20572,Greenvale (Vic.),0.398,0.712,0.089,0.433,0.406
20573,Greta South,0.48,0.81,0.064,0.56,0.804
20574,Greta West,0.48,0.81,0.064,0.56,0.804
20575,Grovedale,0.451,0.743,0.082,0.489,0.534
20576,Gruyere,0.443,0.73,0.055,0.579,0.661
20577,Guildford (Vic.),0.559,0.768,0.064,0.733,0.815
20578,Gunbower,0.459,0.773,0.064,0.6,0.746
20579,Gundowring,0.528,0.769,0.047,0.658,0.75
20580,Guys Hill,0.48,0.715,0.068,0.537,0.628
20581,Haddon,0.532,0.745,0.04,0.574,0.608
20582,Hadfield,0.424,0.702,0.074,0.479,0.546
20583,Hallam,0.416,0.669,0.079,0.381,0.525
20584,Hallora,0.497,0.77,0.036,0.62,0.716
20585,Halls Gap,0.503,0.789,0.055,0.503,0.734
20586,Hallston,0.498,0.798,0.033,0.714,0.719
20587,Hamilton (Vic.),0.541,0.777,0.054,0.593,0.74
20588,Hamlyn Heights,0.451,0.743,0.082,0.489,0.534
20589,Hampton (Vic.),0.604,0.737,0.04,0.585,0.726
20590,Hampton East,0.604,0.737,0.04,0.585,0.726
20591,Hampton Park,0.416,0.669,0.079,0.381,0.525
20592,Harcourt,0.559,0.768,0.064,0.733,0.815
20593,Harcourt North,0.559,0.768,0.064,0.733,0.815
20594,Harkaway,0.416,0.669,0.079,0.381,0.525
20595,Harmers Haven,0.357,0.757,0.056,0.68,0.652
20596,Harrietville,0.47,0.825,0.044,0.634,0.796
20597,Harrow,0.42,0.782,0.036,0.69,0.707
20598,Harston,0.451,0.754,0.08,0.549,0.713
20599,Hastings (Vic.),0.467,0.755,0.056,0.505,0.639
20600,Hattah,0.481,0.775,0.075,0.529,0.729
20601,Haven,0.439,0.803,0.042,0.674,0.843
20602,Hawkesdale,0.547,0.782,0.031,0.609,0.761
20603,Hawthorn (Vic.),0.567,0.721,0.04,0.559,0.654
20604,Hawthorn East,0.567,0.721,0.04,0.559,0.654
20605,Hazeldene,0.406,0.807,0.051,0.617,0.65
20606,Hazelwood,0.407,0.748,0.069,0.614,0.601
20607,Hazelwood North,0.407,0.748,0.069,0.614,0.601
20608,Hazelwood South,0.407,0.748,0.069,0.614,0.601
20609,Healesville,0.443,0.73,0.055,0.579,0.661
20610,Heath Hill,0.48,0.715,0.068,0.537,0.628
20611,Heathcote (Vic.),0.438,0.749,0.071,0.59,0.69
20612,Heathcote Junction,0.426,0.748,0.077,0.598,0.638
20613,Heatherton,0.465,0.708,0.065,0.483,0.559
20614,Heathmere,0.454,0.784,0.063,0.622,0.751
20615,Heathmont,0.51,0.708,0.056,0.485,0.505
20616,Heidelberg,0.522,0.742,0.049,0.504,0.598
20617,Heidelberg Heights,0.522,0.742,0.049,0.504,0.598
20618,Heidelberg West,0.522,0.742,0.049,0.504,0.598
20619,Hepburn,0.501,0.757,0.039,0.682,0.728
20620,Hepburn Springs,0.501,0.757,0.039,0.682,0.728
20621,Herne Hill (Vic.),0.451,0.743,0.082,0.489,0.534
20622,Hernes Oak,0.407,0.748,0.069,0.614,0.601
20623,Hesket,0.511,0.773,0.033,0.686,0.681
20624,Hexham (Vic.),0.547,0.782,0.031,0.609,0.761
20625,Heyfield,0.427,0.787,0.046,0.563,0.667
20626,Heywood,0.454,0.784,0.063,0.622,0.751
20627,Highett,0.604,0.737,0.04,0.585,0.726
20628,Highlands,0.406,0.807,0.051,0.617,0.65
20629,Highton,0.451,0.743,0.082,0.489,0.534
20630,Hill End (Vic.),0.497,0.77,0.036,0.62,0.716
20631,Hilldene,0.426,0.748,0.077,0.598,0.638
20632,Hillside (Melton - Vic.),0.407,0.706,0.076,0.445,0.49
20633,Hmas Cerberus,0.467,0.755,0.056,0.505,0.639
20634,Hoddles Creek,0.443,0.73,0.055,0.579,0.661
20635,Hopetoun (Vic.),0.4,0.798,0.051,0.732,0.722
20636,Hopetoun Park,0.475,0.752,0.057,0.618,0.65
20637,Hoppers Crossing,0.401,0.687,0.07,0.498,0.499
20638,Horsham,0.439,0.803,0.042,0.674,0.843
20639,Hotham Heights,0.47,0.825,0.044,0.634,0.796
20640,Howqua Hills,0.532,0.822,0.038,0.721,0.886
20641,Howqua Inlet,0.532,0.822,0.038,0.721,0.886
20642,Hughesdale,0.432,0.709,0.038,0.417,0.498
20643,Humevale,0.344,0.719,0.079,0.369,0.446
20644,Hunter,0.438,0.749,0.071,0.59,0.69
20645,Huntingdale (Vic.),0.432,0.709,0.038,0.417,0.498
20646,Huntly,0.438,0.749,0.071,0.59,0.69
20647,Huon,0.528,0.769,0.047,0.658,0.75
20648,Huon Creek,0.479,0.758,0.075,0.53,0.748
20649,Hurstbridge,0.566,0.718,0.027,0.558,0.748
20650,Illowa,0.547,0.782,0.031,0.609,0.761
20651,Indented Head,0.451,0.743,0.082,0.489,0.534
20652,Indigo Valley,0.528,0.769,0.047,0.658,0.75
20653,Inglewood (Vic.),0.466,0.764,0.072,0.667,0.63
20654,Invergordon (Vic.),0.402,0.767,0.067,0.56,0.758
20655,Inverleigh,0.532,0.745,0.04,0.574,0.608
20656,Inverloch,0.357,0.757,0.056,0.68,0.652
20657,Invermay (Vic.),0.509,0.732,0.051,0.519,0.65
20658,Invermay Park,0.509,0.732,0.051,0.519,0.65
20659,Iona,0.48,0.715,0.068,0.537,0.628
20660,Ironbark (Vic.),0.438,0.749,0.071,0.59,0.69
20661,Irrewarra,0.527,0.795,0.057,0.678,0.765
20662,Irymple (Vic.),0.481,0.775,0.075,0.529,0.729
20663,Ivanhoe (Vic.),0.522,0.742,0.049,0.504,0.598
20664,Ivanhoe East,0.522,0.742,0.049,0.504,0.598
20665,Jacana,0.398,0.712,0.089,0.433,0.406
20666,Jack River,0.427,0.787,0.046,0.563,0.667
20667,Jackass Flat,0.438,0.749,0.071,0.59,0.69
20668,Jamieson (Vic.),0.532,0.822,0.038,0.721,0.886
20669,Jan Juc,0.546,0.776,0.038,0.693,0.793
20670,Jancourt East,0.43,0.82,0.037,0.577,0.768
20671,Jeeralang Junction,0.407,0.748,0.069,0.614,0.601
20672,Jeparit,0.44,0.788,0.049,0.666,0.624
20673,Jindivick,0.497,0.77,0.036,0.62,0.716
20674,Johanna,0.527,0.795,0.057,0.678,0.765
20675,Johnsonville,0.434,0.767,0.06,0.622,0.674
20676,Junction Village,0.416,0.669,0.079,0.381,0.525
20677,Jung,0.439,0.803,0.042,0.674,0.843
20678,Junortoun,0.438,0.749,0.071,0.59,0.69
20679,Kaarimba,0.402,0.767,0.067,0.56,0.758
20680,Kalimna,0.434,0.767,0.06,0.622,0.674
20681,Kallista,0.443,0.73,0.055,0.579,0.661
20682,Kalorama,0.443,0.73,0.055,0.579,0.661
20683,Kangaroo Flat (Vic.),0.438,0.749,0.071,0.59,0.69
20684,Kangaroo Ground,0.566,0.718,0.027,0.558,0.748
20685,Kaniva,0.42,0.782,0.036,0.69,0.707
20686,Kanyapella,0.459,0.773,0.064,0.6,0.746
20687,Kardella,0.498,0.798,0.033,0.714,0.719
20688,Katamatite,0.402,0.767,0.067,0.56,0.758
20689,Katandra West,0.451,0.754,0.08,0.549,0.713
20690,Katunga,0.402,0.767,0.067,0.56,0.758
20691,Kealba,0.352,0.651,0.099,0.356,0.4
20692,Keely,0.393,0.814,0.042,0.72,0.795
20693,Keilor,0.352,0.651,0.099,0.356,0.4
20694,Keilor Downs,0.352,0.651,0.099,0.356,0.4
20695,Keilor East,0.468,0.737,0.056,0.544,0.615
20696,Keilor Lodge,0.352,0.651,0.099,0.356,0.4
20697,Keilor North,0.352,0.651,0.099,0.356,0.4
20698,Keilor Park,0.352,0.651,0.099,0.356,0.4
20699,Kennington,0.438,0.749,0.071,0.59,0.69
20700,Kensington (Vic.),0.573,0.69,0.049,0.586,0.602
20701,Kerang,0.393,0.814,0.042,0.72,0.795
20702,Kergunyah,0.528,0.769,0.047,0.658,0.75
20703,Kew (Vic.),0.567,0.721,0.04,0.559,0.654
20704,Kew East,0.567,0.721,0.04,0.559,0.654
20705,Keysborough,0.31,0.703,0.123,0.264,0.393
20706,Kialla,0.451,0.754,0.08,0.549,0.713
20707,Kialla East,0.451,0.754,0.08,0.549,0.713
20708,Kialla West,0.451,0.754,0.08,0.549,0.713
20709,Kiewa,0.528,0.769,0.047,0.658,0.75
20710,Kilcunda,0.357,0.757,0.056,0.68,0.652
20711,Kilmore,0.426,0.748,0.077,0.598,0.638
20712,Kilmore East,0.426,0.748,0.077,0.598,0.638
20713,Kilsyth,0.443,0.73,0.055,0.579,0.661
20714,Kilsyth South,0.51,0.708,0.056,0.485,0.505
20715,King Valley,0.48,0.81,0.064,0.56,0.804
20716,Kinglake,0.566,0.718,0.027,0.558,0.748
20717,Kinglake Central,0.406,0.807,0.051,0.617,0.65
20718,Kinglake West,0.566,0.718,0.027,0.558,0.748
20719,Kings Park (Vic.),0.352,0.651,0.099,0.356,0.4
20720,Kingsbury,0.424,0.703,0.078,0.426,0.556
20721,Kingston (Vic.),0.501,0.757,0.039,0.682,0.728
20722,Kingsville,0.49,0.705,0.073,0.531,0.548
20723,Kirkstall,0.547,0.782,0.031,0.609,0.761
20724,Kirwans Bridge,0.573,0.777,0.052,0.713,0.776
20725,Knowsley,0.438,0.749,0.071,0.59,0.69
20726,Knoxfield,0.427,0.708,0.052,0.463,0.571
20727,Kolora,0.547,0.782,0.031,0.609,0.761
20728,Konongwootong,0.541,0.777,0.054,0.593,0.74
20729,Koo Wee Rup,0.48,0.715,0.068,0.537,0.628
20730,Koondrook,0.393,0.814,0.042,0.72,0.795
20731,Koonoomoo,0.402,0.767,0.067,0.56,0.758
20732,Koonwarra,0.498,0.798,0.033,0.714,0.719
20733,Koorlong,0.481,0.775,0.075,0.529,0.729
20734,Kooyong,0.511,0.716,0.04,0.544,0.598
20735,Korobeit,0.475,0.752,0.057,0.618,0.65
20736,Koroit,0.547,0.782,0.031,0.609,0.761
20737,Korong Vale,0.466,0.764,0.072,0.667,0.63
20738,Korumburra,0.498,0.798,0.033,0.714,0.719
20739,Korweinguboora,0.501,0.757,0.039,0.682,0.728
20740,Kotupna,0.402,0.767,0.067,0.56,0.758
20741,Koyuga,0.459,0.773,0.064,0.6,0.746
20742,Krowera,0.357,0.757,0.056,0.68,0.652
20743,Kurunjang,0.407,0.706,0.076,0.445,0.49
20744,Kyabram,0.459,0.773,0.064,0.6,0.746
20745,Kyneton,0.511,0.773,0.033,0.686,0.681
20746,Kyvalley,0.459,0.773,0.064,0.6,0.746
20747,Laang,0.547,0.782,0.031,0.609,0.761
20748,Labertouche,0.497,0.77,0.036,0.62,0.716
20749,Laceby,0.48,0.81,0.064,0.56,0.804
20750,Laharum,0.439,0.803,0.042,0.674,0.843
20751,Lake Boga,0.459,0.804,0.049,0.656,0.631
20752,Lake Bolac,0.446,0.785,0.06,0.502,0.722
20753,Lake Bunga,0.434,0.767,0.06,0.622,0.674
20754,Lake Charm,0.393,0.814,0.042,0.72,0.795
20755,Lake Gardens,0.509,0.732,0.051,0.519,0.65
20756,Lake Tyers Beach,0.434,0.767,0.06,0.622,0.674
20757,Lake Wellington,0.427,0.787,0.046,0.563,0.667
20758,Lake Wendouree,0.509,0.732,0.051,0.519,0.65
20759,Lakes Entrance,0.434,0.767,0.06,0.622,0.674
20760,Lal Lal,0.475,0.752,0.057,0.618,0.65
20761,Lalbert,0.393,0.814,0.042,0.72,0.795
20762,Lalor,0.344,0.719,0.079,0.369,0.446
20763,Lancaster,0.459,0.773,0.064,0.6,0.746
20764,Lance Creek,0.357,0.757,0.056,0.68,0.652
20765,Lancefield,0.511,0.773,0.033,0.686,0.681
20766,Landsborough (Vic.),0.43,0.754,0.048,0.693,0.64
20767,Lang Lang,0.48,0.715,0.068,0.537,0.628
20768,Langkoop,0.42,0.782,0.036,0.69,0.707
20769,Langwarrin,0.54,0.696,0.078,0.403,0.573
20770,Langwarrin South,0.54,0.696,0.078,0.403,0.573
20771,Lara,0.451,0.743,0.082,0.489,0.534
20772,Larpent,0.527,0.795,0.057,0.678,0.765
20773,Larralea,0.43,0.82,0.037,0.577,0.768
20774,Launching Place,0.443,0.73,0.055,0.579,0.661
20775,Lauriston,0.511,0.773,0.033,0.686,0.681
20776,Laverton (Vic.),0.429,0.699,0.058,0.529,0.531
20777,Laverton North,0.401,0.687,0.07,0.498,0.499
20778,Learmonth (Vic.),0.509,0.732,0.051,0.519,0.65
20779,Leichardt,0.438,0.749,0.071,0.59,0.69
20780,Leitchville,0.393,0.814,0.042,0.72,0.795
20781,Lemnos,0.451,0.754,0.08,0.549,0.713
20782,Leneva,0.479,0.758,0.075,0.53,0.748
20783,Leongatha,0.498,0.798,0.033,0.714,0.719
20784,Leongatha North,0.498,0.798,0.033,0.714,0.719
20785,Leongatha South,0.498,0.798,0.033,0.714,0.719
20786,Leopold,0.451,0.743,0.082,0.489,0.534
20787,Lethbridge,0.532,0.745,0.04,0.574,0.608
20788,Lexton,0.43,0.754,0.048,0.693,0.64
20789,Licola,0.427,0.787,0.046,0.563,0.667
20790,Lilydale (Vic.),0.443,0.73,0.055,0.579,0.661
20791,Lindenow,0.434,0.767,0.06,0.622,0.674
20792,Lindenow South,0.434,0.767,0.06,0.622,0.674
20793,Linton,0.532,0.745,0.04,0.574,0.608
20794,Lismore (Vic.),0.43,0.82,0.037,0.577,0.768
20795,Little Desert,0.44,0.788,0.049,0.666,0.624
20796,Little River (Vic.),0.401,0.687,0.07,0.498,0.499
20797,Loch,0.498,0.798,0.033,0.714,0.719
20798,Loch Sport,0.427,0.787,0.046,0.563,0.667
20799,Lockington,0.459,0.773,0.064,0.6,0.746
20800,Lockwood,0.438,0.749,0.071,0.59,0.69
20801,Lockwood South,0.438,0.749,0.071,0.59,0.69
20802,Long Forest,0.475,0.752,0.057,0.618,0.65
20803,Long Gully,0.438,0.749,0.071,0.59,0.69
20804,Longford (Vic.),0.427,0.787,0.046,0.563,0.667
20805,Longlea,0.438,0.749,0.071,0.59,0.69
20806,Longwarry,0.497,0.77,0.036,0.62,0.716
20807,Longwood (Vic.),0.573,0.777,0.052,0.713,0.776
20808,Lorne (Vic.),0.546,0.776,0.038,0.693,0.793
20809,Lovely Banks,0.451,0.743,0.082,0.489,0.534
20810,Lower Plenty,0.522,0.742,0.049,0.504,0.598
20811,Lucknow (Vic.),0.434,0.767,0.06,0.622,0.674
20812,Lurg,0.501,0.778,0.073,0.644,0.664
20813,Lyal,0.438,0.749,0.071,0.59,0.69
20814,Lynbrook,0.416,0.669,0.079,0.381,0.525
20815,Lyndhurst (Vic.),0.416,0.669,0.079,0.381,0.525
20816,Lyonville,0.501,0.757,0.039,0.682,0.728
20817,Lysterfield,0.427,0.708,0.052,0.463,0.571
20818,Lysterfield South,0.416,0.669,0.079,0.381,0.525
20819,Macarthur (Vic.),0.547,0.782,0.031,0.609,0.761
20820,Macclesfield (Vic.),0.443,0.73,0.055,0.579,0.661
20821,Macedon,0.511,0.773,0.033,0.686,0.681
20822,Macleod (Vic.),0.522,0.742,0.049,0.504,0.598
20823,Maddingley,0.475,0.752,0.057,0.618,0.65
20824,Maffra (Vic.),0.427,0.787,0.046,0.563,0.667
20825,Magpie,0.509,0.732,0.051,0.519,0.65
20826,Maiden Gully,0.438,0.749,0.071,0.59,0.69
20827,Maidstone,0.49,0.705,0.073,0.531,0.548
20828,Mailors Flat,0.547,0.782,0.031,0.609,0.761
20829,Main Ridge,0.467,0.755,0.056,0.505,0.639
20830,Majorca,0.407,0.785,0.09,0.569,0.725
20831,Maldon (Vic.),0.559,0.768,0.064,0.733,0.815
20832,Mallacoota,0.434,0.767,0.06,0.622,0.674
20833,Malmsbury,0.511,0.773,0.033,0.686,0.681
20834,Malvern (Vic.),0.511,0.716,0.04,0.544,0.598
20835,Malvern East,0.511,0.716,0.04,0.544,0.598
20836,Manangatang,0.459,0.804,0.049,0.656,0.631
20837,Mandurang,0.438,0.749,0.071,0.59,0.69
20838,Mandurang South,0.438,0.749,0.071,0.59,0.69
20839,Mangalore (Vic.),0.573,0.777,0.052,0.713,0.776
20840,Manifold Heights,0.451,0.743,0.082,0.489,0.534
20841,Mannerim,0.451,0.743,0.082,0.489,0.534
20842,Mannibadar,0.532,0.745,0.04,0.574,0.608
20843,Manns Beach,0.427,0.787,0.046,0.563,0.667
20844,Mansfield (Vic.),0.532,0.822,0.038,0.721,0.886
20845,Marcus Hill,0.451,0.743,0.082,0.489,0.534
20846,Marengo (Vic.),0.527,0.795,0.057,0.678,0.765
20847,Maribyrnong,0.49,0.705,0.073,0.531,0.548
20848,Markwood,0.48,0.81,0.064,0.56,0.804
20849,Marlo,0.434,0.767,0.06,0.622,0.674
20850,Marnoo,0.503,0.789,0.055,0.503,0.734
20851,Marong,0.438,0.749,0.071,0.59,0.69
20852,Marshall,0.451,0.743,0.082,0.489,0.534
20853,Maryborough (Vic.),0.407,0.785,0.09,0.569,0.725
20854,Maryknoll,0.48,0.715,0.068,0.537,0.628
20855,Marysville,0.406,0.807,0.051,0.617,0.65
20856,Maude (Vic.),0.532,0.745,0.04,0.574,0.608
20857,McCrae,0.467,0.755,0.056,0.505,0.639
20858,McKenzie Creek,0.439,0.803,0.042,0.674,0.843
20859,McKenzie Hill,0.559,0.768,0.064,0.733,0.815
20860,McKinnon,0.554,0.737,0.051,0.469,0.572
20861,McMahons Creek,0.443,0.73,0.055,0.579,0.661
20862,McMillans,0.393,0.814,0.042,0.72,0.795
20863,Mead,0.393,0.814,0.042,0.72,0.795
20864,Meadow Heights,0.398,0.712,0.089,0.433,0.406
20865,Meeniyan,0.498,0.798,0.033,0.714,0.719
20866,Meerlieu,0.427,0.787,0.046,0.563,0.667
20867,Melbourne,0.573,0.69,0.049,0.586,0.602
20868,Melbourne Airport,0.398,0.712,0.089,0.433,0.406
20869,Melton (Vic.),0.407,0.706,0.076,0.445,0.49
20870,Melton South,0.407,0.706,0.076,0.445,0.49
20871,Melton West,0.407,0.706,0.076,0.445,0.49
20872,Mentone,0.465,0.708,0.065,0.483,0.559
20873,Menzies Creek,0.443,0.73,0.055,0.579,0.661
20874,Mepunga East,0.547,0.782,0.031,0.609,0.761
20875,Merbein,0.481,0.775,0.075,0.529,0.729
20876,Merbein South,0.481,0.775,0.075,0.529,0.729
20877,Meredith,0.532,0.745,0.04,0.574,0.608
20878,Meringur,0.481,0.775,0.075,0.529,0.729
20879,Merino,0.454,0.784,0.063,0.622,0.751
20880,Mernda,0.344,0.719,0.079,0.369,0.446
20881,Merricks North,0.467,0.755,0.056,0.505,0.639
20882,Merrigum,0.451,0.754,0.08,0.549,0.713
20883,Merrijig (Mansfield - Vic.),0.532,0.822,0.038,0.721,0.886
20884,Merrimu,0.475,0.752,0.057,0.618,0.65
20885,Merton,0.532,0.822,0.038,0.721,0.886
20886,Metcalfe,0.559,0.768,0.064,0.733,0.815
20887,Metung,0.434,0.767,0.06,0.622,0.674
20888,Mia Mia (Vic.),0.438,0.749,0.071,0.59,0.69
20889,Mickleham,0.398,0.712,0.089,0.433,0.406
20890,Middle Park (Vic.),0.588,0.697,0.05,0.594,0.667
20891,Miepoll,0.573,0.777,0.052,0.713,0.776
20892,Milawa,0.48,0.81,0.064,0.56,0.804
20893,Mildura,0.481,0.775,0.075,0.529,0.729
20894,Mill Park,0.344,0.719,0.079,0.369,0.446
20895,Millbrook (Vic.),0.475,0.752,0.057,0.618,0.65
20896,Millgrove,0.443,0.73,0.055,0.579,0.661
20897,Miners Rest,0.509,0.732,0.051,0.519,0.65
20898,Minimay,0.42,0.782,0.036,0.69,0.707
20899,Minyip,0.4,0.798,0.051,0.732,0.722
20900,Mirboo,0.498,0.798,0.033,0.714,0.719
20901,Mirboo North,0.498,0.798,0.033,0.714,0.719
20902,Mitcham (Vic.),0.509,0.69,0.061,0.541,0.585
20903,Mitchell Park (Vic.),0.509,0.732,0.051,0.519,0.65
20904,Mitta Mitta,0.546,0.805,0.058,0.582,0.724
20905,Modewarre,0.546,0.776,0.038,0.693,0.793
20906,Moe,0.407,0.748,0.069,0.614,0.601
20907,Moe South,0.407,0.748,0.069,0.614,0.601
20908,Monbulk,0.443,0.73,0.055,0.579,0.661
20909,Monegeetta,0.511,0.773,0.033,0.686,0.681
20910,Mont Albert,0.509,0.69,0.061,0.541,0.585
20911,Mont Albert North,0.509,0.69,0.061,0.541,0.585
20912,Montmorency,0.522,0.742,0.049,0.504,0.598
20913,Montrose (Vic.),0.443,0.73,0.055,0.579,0.661
20914,Moolap,0.451,0.743,0.082,0.489,0.534
20915,Moonambel,0.43,0.754,0.048,0.693,0.64
20916,Moonee Ponds,0.468,0.737,0.056,0.544,0.615
20917,Moorabbin,0.465,0.708,0.065,0.483,0.559
20918,Moorabbin Airport,0.465,0.708,0.065,0.483,0.559
20919,Moorabool,0.451,0.743,0.082,0.489,0.534
20920,Moorooduc,0.467,0.755,0.056,0.505,0.639
20921,Mooroolbark,0.443,0.73,0.055,0.579,0.661
20922,Mooroopna,0.451,0.754,0.08,0.549,0.713
20923,Mooroopna North,0.451,0.754,0.08,0.549,0.713
20924,Mordialloc,0.465,0.708,0.065,0.483,0.559
20925,Moriac,0.546,0.776,0.038,0.693,0.793
20926,Mornington (Vic.),0.467,0.755,0.056,0.505,0.639
20927,Morrisons,0.475,0.752,0.057,0.618,0.65
20928,Mortlake (Vic.),0.547,0.782,0.031,0.609,0.761
20929,Morwell,0.407,0.748,0.069,0.614,0.601
20930,Mossiface,0.434,0.767,0.06,0.622,0.674
20931,Mount Beauty,0.47,0.825,0.044,0.634,0.796
20932,Mount Buller,0.532,0.822,0.038,0.721,0.886
20933,Mount Camel,0.438,0.749,0.071,0.59,0.69
20934,Mount Clear,0.509,0.732,0.051,0.519,0.65
20935,Mount Cottrell,0.407,0.706,0.076,0.445,0.49
20936,Mount Dandenong,0.443,0.73,0.055,0.579,0.661
20937,Mount Duneed,0.546,0.776,0.038,0.693,0.793
20938,Mount Egerton,0.475,0.752,0.057,0.618,0.65
20939,Mount Eliza,0.467,0.755,0.056,0.505,0.639
20940,Mount Evelyn,0.443,0.73,0.055,0.579,0.661
20941,Mount Franklin,0.501,0.757,0.039,0.682,0.728
20942,Mount Helen,0.509,0.732,0.051,0.519,0.65
20943,Mount Macedon,0.511,0.773,0.033,0.686,0.681
20944,Mount Martha,0.467,0.755,0.056,0.505,0.639
20945,Mount Moriac,0.546,0.776,0.038,0.693,0.793
20946,Mount Pleasant (Vic.),0.509,0.732,0.051,0.519,0.65
20947,Mount Rowan,0.509,0.732,0.051,0.519,0.65
20948,Mount Taylor,0.434,0.767,0.06,0.622,0.674
20949,Mount Waverley,0.432,0.709,0.038,0.417,0.498
20950,Moutajup,0.541,0.777,0.054,0.593,0.74
20951,Moyhu,0.48,0.81,0.064,0.56,0.804
20952,Moyston,0.446,0.785,0.06,0.502,0.722
20953,Muckleford,0.559,0.768,0.064,0.733,0.815
20954,Mudgegonga,0.47,0.825,0.044,0.634,0.796
20955,Mulgrave (Vic.),0.432,0.709,0.038,0.417,0.498
20956,Munro,0.427,0.787,0.046,0.563,0.667
20957,Murchison (Vic.),0.451,0.754,0.08,0.549,0.713
20958,Murchison East,0.451,0.754,0.08,0.549,0.713
20959,Murgheboluc,0.532,0.745,0.04,0.574,0.608
20960,Murrabit,0.393,0.814,0.042,0.72,0.795
20961,Murray-Sunset,0.481,0.775,0.075,0.529,0.729
20962,Murrayville,0.481,0.775,0.075,0.529,0.729
20963,Murrindindi,0.406,0.807,0.051,0.617,0.65
20964,Murrumbeena,0.554,0.737,0.051,0.469,0.572
20965,Murtoa,0.4,0.798,0.051,0.732,0.722
20966,Musk,0.501,0.757,0.039,0.682,0.728
20967,Myers Flat,0.438,0.749,0.071,0.59,0.69
20968,Myrniong,0.475,0.752,0.057,0.618,0.65
20969,Myrtleford,0.47,0.825,0.044,0.634,0.796
20970,Mystic Park,0.393,0.814,0.042,0.72,0.795
20971,Nagambie,0.573,0.777,0.052,0.713,0.776
20972,Nambrok,0.427,0.787,0.046,0.563,0.667
20973,Nandaly,0.408,0.815,0.044,0.69,0.801
20974,Nangiloc,0.481,0.775,0.075,0.529,0.729
20975,Nanneella,0.459,0.773,0.064,0.6,0.746
20976,Napoleons,0.532,0.745,0.04,0.574,0.608
20977,Nar Nar Goon,0.48,0.715,0.068,0.537,0.628
20978,Nar Nar Goon North,0.48,0.715,0.068,0.537,0.628
20979,Narbethong (Vic.),0.406,0.807,0.051,0.617,0.65
20980,Nareen,0.541,0.777,0.054,0.593,0.74
20981,Nariel Valley,0.546,0.805,0.058,0.582,0.724
20982,Naringal,0.547,0.782,0.031,0.609,0.761
20983,Narracan,0.497,0.77,0.036,0.62,0.716
20984,Narrawong,0.454,0.784,0.063,0.622,0.751
20985,Narre Warren,0.416,0.669,0.079,0.381,0.525
20986,Narre Warren East,0.443,0.73,0.055,0.579,0.661
20987,Narre Warren North,0.416,0.669,0.079,0.381,0.525
20988,Narre Warren South,0.416,0.669,0.079,0.381,0.525
20989,Nathalia,0.402,0.767,0.067,0.56,0.758
20990,Natimuk,0.439,0.803,0.042,0.674,0.843
20991,Navarre,0.503,0.789,0.055,0.503,0.734
20992,Navigators,0.475,0.752,0.057,0.618,0.65
20993,Neerim,0.497,0.77,0.036,0.62,0.716
20994,Neerim East,0.497,0.77,0.036,0.62,0.716
20995,Neerim South,0.497,0.77,0.036,0.62,0.716
20996,Neilborough,0.438,0.749,0.071,0.59,0.69
20997,Nelson (Vic.),0.454,0.784,0.063,0.622,0.751
20998,Nerrena,0.498,0.798,0.033,0.714,0.719
20999,Nerrina,0.509,0.732,0.051,0.519,0.65
21000,Netherby (Vic.),0.44,0.788,0.049,0.666,0.624
21001,New Gisborne,0.511,0.773,0.033,0.686,0.681
21002,Newborough,0.407,0.748,0.069,0.614,0.601
21003,Newbridge (Vic.),0.466,0.764,0.072,0.667,0.63
21004,Newcomb,0.451,0.743,0.082,0.489,0.534
21005,Newham,0.511,0.773,0.033,0.686,0.681
21006,Newhaven,0.357,0.757,0.056,0.68,0.652
21007,Newington (Vic.),0.509,0.732,0.051,0.519,0.65
21008,Newlands Arm,0.434,0.767,0.06,0.622,0.674
21009,Newlyn North,0.501,0.757,0.039,0.682,0.728
21010,Newmerella,0.434,0.767,0.06,0.622,0.674
21011,Newport (Vic.),0.429,0.699,0.058,0.529,0.531
21012,Newry,0.427,0.787,0.046,0.563,0.667
21013,Newstead (Vic.),0.559,0.768,0.064,0.733,0.815
21014,Newtown (Greater Geelong - Vic.),0.451,0.743,0.082,0.489,0.534
21015,Nhill,0.44,0.788,0.049,0.666,0.624
21016,Nichols Point,0.481,0.775,0.075,0.529,0.729
21017,Nicholson (Vic.),0.434,0.767,0.06,0.622,0.674
21018,Niddrie,0.468,0.737,0.056,0.544,0.615
21019,Nilma,0.497,0.77,0.036,0.62,0.716
21020,Nilma North,0.497,0.77,0.036,0.62,0.716
21021,Nirranda,0.547,0.782,0.031,0.609,0.761
21022,Noble Park,0.31,0.703,0.123,0.264,0.393
21023,Noble Park North,0.31,0.703,0.123,0.264,0.393
21024,Noojee,0.497,0.77,0.036,0.62,0.716
21025,Noorat,0.43,0.82,0.037,0.577,0.768
21026,Norlane,0.451,0.743,0.082,0.489,0.534
21027,Norong,0.528,0.769,0.047,0.658,0.75
21028,North Bendigo,0.438,0.749,0.071,0.59,0.69
21029,North Geelong,0.451,0.743,0.082,0.489,0.534
21030,North Melbourne,0.573,0.69,0.049,0.586,0.602
21031,North Shore (Vic.),0.451,0.743,0.082,0.489,0.534
21032,North Wangaratta,0.48,0.81,0.064,0.56,0.804
21033,North Warrandyte,0.566,0.718,0.027,0.558,0.748
21034,North Wonthaggi,0.357,0.757,0.056,0.68,0.652
21035,Northcote,0.424,0.703,0.078,0.426,0.556
21036,Notting Hill,0.432,0.709,0.038,0.417,0.498
21037,Nowa Nowa,0.434,0.767,0.06,0.622,0.674
21038,Nullawarre,0.547,0.782,0.031,0.609,0.761
21039,Numurkah,0.402,0.767,0.067,0.56,0.758
21040,Nunawading,0.509,0.69,0.061,0.541,0.585
21041,Nungurner,0.434,0.767,0.06,0.622,0.674
21042,Nutfield,0.566,0.718,0.027,0.558,0.748
21043,Nyah,0.459,0.804,0.049,0.656,0.631
21044,Nyah West,0.459,0.804,0.049,0.656,0.631
21045,Nyora (Vic.),0.498,0.798,0.033,0.714,0.719
21046,Oak Park,0.424,0.702,0.074,0.479,0.546
21047,Oaklands Junction,0.398,0.712,0.089,0.433,0.406
21048,Oakleigh,0.432,0.709,0.038,0.417,0.498
21049,Oakleigh East,0.432,0.709,0.038,0.417,0.498
21050,Oakleigh South,0.432,0.709,0.038,0.417,0.498
21051,Ocean Grange,0.427,0.787,0.046,0.563,0.667
21052,Ocean Grove,0.451,0.743,0.082,0.489,0.534
21053,Officer,0.48,0.715,0.068,0.537,0.628
21054,Olinda (Vic.),0.443,0.73,0.055,0.579,0.661
21055,Omeo,0.434,0.767,0.06,0.622,0.674
21056,Orbost,0.434,0.767,0.06,0.622,0.674
21057,Ormond,0.554,0.737,0.051,0.469,0.572
21058,Orrvale,0.451,0.754,0.08,0.549,0.713
21059,Osbornes Flat,0.528,0.769,0.047,0.658,0.75
21060,Outtrim,0.498,0.798,0.033,0.714,0.719
21061,Ouyen,0.481,0.775,0.075,0.529,0.729
21062,Oxley (Vic.),0.48,0.81,0.064,0.56,0.804
21063,Pakenham,0.48,0.715,0.068,0.537,0.628
21064,Pakenham South,0.48,0.715,0.068,0.537,0.628
21065,Pakenham Upper,0.48,0.715,0.068,0.537,0.628
21066,Panmure,0.547,0.782,0.031,0.609,0.761
21067,Panton Hill,0.566,0.718,0.027,0.558,0.748
21068,Paraparap,0.546,0.776,0.038,0.693,0.793
21069,Park Orchards,0.532,0.739,0.06,0.405,0.657
21070,Parkdale,0.465,0.708,0.065,0.483,0.559
21071,Parkville (Vic.),0.573,0.69,0.049,0.586,0.602
21072,Parwan,0.475,0.752,0.057,0.618,0.65
21073,Pascoe Vale,0.424,0.702,0.074,0.479,0.546
21074,Pascoe Vale South,0.424,0.702,0.074,0.479,0.546
21075,Patchewollock,0.4,0.798,0.051,0.732,0.722
21076,Patterson Lakes,0.465,0.708,0.065,0.483,0.559
21077,Paynesville (Vic.),0.434,0.767,0.06,0.622,0.674
21078,Pearcedale,0.416,0.669,0.079,0.381,0.525
21079,Peechelba,0.48,0.81,0.064,0.56,0.804
21080,Penshurst (Vic.),0.541,0.777,0.054,0.593,0.74
21081,Pental Island,0.459,0.804,0.049,0.656,0.631
21082,Peterborough (Vic.),0.547,0.782,0.031,0.609,0.761
21083,Pheasant Creek (Vic.),0.406,0.807,0.051,0.617,0.65
21084,Piangil,0.459,0.804,0.049,0.656,0.631
21085,Picola,0.402,0.767,0.067,0.56,0.758
21086,Pimpinio,0.439,0.803,0.042,0.674,0.843
21087,Pine Grove (Vic.),0.459,0.773,0.064,0.6,0.746
21088,Pine Lodge (Vic.),0.451,0.754,0.08,0.549,0.713
21089,Pioneer Bay,0.357,0.757,0.056,0.68,0.652
21090,Pirron Yallock,0.527,0.795,0.057,0.678,0.765
21091,Plenty (Vic.),0.566,0.718,0.027,0.558,0.748
21092,Plumpton (Vic.),0.407,0.706,0.076,0.445,0.49
21093,Point Cook,0.401,0.687,0.07,0.498,0.499
21094,Point Leo,0.467,0.755,0.056,0.505,0.639
21095,Point Lonsdale,0.59,0.79,0.039,0.661,0.888
21096,Pomborneit,0.43,0.82,0.037,0.577,0.768
21097,Pomonal,0.446,0.785,0.06,0.502,0.722
21098,Poowong,0.498,0.798,0.033,0.714,0.719
21099,Poowong North,0.498,0.798,0.033,0.714,0.719
21100,Porepunkah,0.47,0.825,0.044,0.634,0.796
21101,Port Albert,0.427,0.787,0.046,0.563,0.667
21102,Port Campbell,0.43,0.82,0.037,0.577,0.768
21103,Port Fairy,0.547,0.782,0.031,0.609,0.761
21104,Port Melbourne,0.573,0.69,0.049,0.586,0.602
21105,Port Welshpool,0.498,0.798,0.033,0.714,0.719
21106,Portarlington,0.451,0.743,0.082,0.489,0.534
21107,Portland (Vic.),0.454,0.784,0.063,0.622,0.751
21108,Portland North,0.454,0.784,0.063,0.622,0.751
21109,Portland West,0.454,0.784,0.063,0.622,0.751
21110,Portsea,0.467,0.755,0.056,0.505,0.639
21111,Powelltown,0.443,0.73,0.055,0.579,0.661
21112,Prahran,0.511,0.716,0.04,0.544,0.598
21113,Preston (Vic.),0.424,0.703,0.078,0.426,0.556
21114,Princes Hill,0.576,0.715,0.073,0.632,0.589
21115,Princetown,0.43,0.82,0.037,0.577,0.768
21116,Puckapunyal,0.426,0.748,0.077,0.598,0.638
21117,Purnim,0.547,0.782,0.031,0.609,0.761
21118,Pyalong,0.426,0.748,0.077,0.598,0.638
21119,Pyramid Hill,0.466,0.764,0.072,0.667,0.63
21120,Quambatook,0.393,0.814,0.042,0.72,0.795
21121,Quantong,0.439,0.803,0.042,0.674,0.843
21122,Quarry Hill,0.438,0.749,0.071,0.59,0.69
21123,Queenscliff (Vic.),0.59,0.79,0.039,0.661,0.888
21124,Raglan (Vic.),0.43,0.754,0.048,0.693,0.64
21125,Rainbow,0.44,0.788,0.049,0.666,0.624
21126,Ravenhall,0.407,0.706,0.076,0.445,0.49
21127,Ravenswood (Vic.),0.438,0.749,0.071,0.59,0.69
21128,Rawson,0.497,0.77,0.036,0.62,0.716
21129,Raymond Island,0.434,0.767,0.06,0.622,0.674
21130,Raywood,0.466,0.764,0.072,0.667,0.63
21131,Red Cliffs,0.481,0.775,0.075,0.529,0.729
21132,Red Hill (Vic.),0.467,0.755,0.056,0.505,0.639
21133,Red Hill South,0.467,0.755,0.056,0.505,0.639
21134,Redan,0.509,0.732,0.051,0.519,0.65
21135,Redesdale,0.559,0.768,0.064,0.733,0.815
21136,Reedy Creek (Vic.),0.426,0.748,0.077,0.598,0.638
21137,Reedy Flat,0.434,0.767,0.06,0.622,0.674
21138,Research,0.566,0.718,0.027,0.558,0.748
21139,Reservoir (Vic.),0.424,0.703,0.078,0.426,0.556
21140,Rheola,0.466,0.764,0.072,0.667,0.63
21141,Rhyll,0.357,0.757,0.056,0.68,0.652
21142,Richmond (Vic.),0.576,0.715,0.073,0.632,0.589
21143,Riddells Creek,0.511,0.773,0.033,0.686,0.681
21144,Ringwood (Vic.),0.51,0.708,0.056,0.485,0.505
21145,Ringwood East,0.51,0.708,0.056,0.485,0.505
21146,Ringwood North,0.51,0.708,0.056,0.485,0.505
21147,Ripplebrook,0.497,0.77,0.036,0.62,0.716
21148,Rippleside,0.451,0.743,0.082,0.489,0.534
21149,Ripponlea,0.588,0.697,0.05,0.594,0.667
21150,Riverside (Vic.),0.439,0.803,0.042,0.674,0.843
21151,Robertsons Beach,0.427,0.787,0.046,0.563,0.667
21152,Robinvale,0.459,0.804,0.049,0.656,0.631
21153,Robinvale Irrigation District Section B,0.459,0.804,0.049,0.656,0.631
21154,Robinvale Irrigation District Section C,0.459,0.804,0.049,0.656,0.631
21155,Robinvale Irrigation District Section E,0.459,0.804,0.049,0.656,0.631
21156,Rochester (Vic.),0.459,0.773,0.064,0.6,0.746
21157,Rockbank,0.407,0.706,0.076,0.445,0.49
21158,Rokeby (Vic.),0.497,0.77,0.036,0.62,0.716
21159,Rokewood,0.532,0.745,0.04,0.574,0.608
21160,Romsey,0.511,0.773,0.033,0.686,0.681
21161,Rosanna,0.522,0.742,0.049,0.504,0.598
21162,Rosebrook (Vic.),0.547,0.782,0.031,0.609,0.761
21163,Rosebud,0.467,0.755,0.056,0.505,0.639
21164,Rosebud West,0.467,0.755,0.056,0.505,0.639
21165,Rosedale (Vic.),0.427,0.787,0.046,0.563,0.667
21166,Rosewhite,0.47,0.825,0.044,0.634,0.796
21167,Ross Creek (Vic.),0.532,0.745,0.04,0.574,0.608
21168,Rowsley,0.475,0.752,0.057,0.618,0.65
21169,Rowville,0.427,0.708,0.052,0.463,0.571
21170,Roxburgh Park,0.398,0.712,0.089,0.433,0.406
21171,Ruffy,0.573,0.777,0.052,0.713,0.776
21172,Rupanyup,0.4,0.798,0.051,0.732,0.722
21173,Rushworth,0.459,0.773,0.064,0.6,0.746
21174,Russells Bridge,0.532,0.745,0.04,0.574,0.608
21175,Rutherglen,0.528,0.769,0.047,0.658,0.75
21176,Rye,0.467,0.755,0.056,0.505,0.639
21177,Safety Beach (Vic.),0.467,0.755,0.056,0.505,0.639
21178,Sailors Gully,0.438,0.749,0.071,0.59,0.69
21179,Sale,0.427,0.787,0.046,0.563,0.667
21180,San Remo (Vic.),0.357,0.757,0.056,0.68,0.652
21181,Sandford (Vic.),0.454,0.784,0.063,0.622,0.751
21182,Sandhurst,0.54,0.696,0.078,0.403,0.573
21183,Sandon (Vic.),0.559,0.768,0.064,0.733,0.815
21184,Sandringham (Vic.),0.604,0.737,0.04,0.585,0.726
21185,Sandy Point (Vic.),0.498,0.798,0.033,0.714,0.719
21186,Sarsfield,0.434,0.767,0.06,0.622,0.674
21187,Sassafras (Vic.),0.443,0.73,0.055,0.579,0.661
21188,Scarsdale,0.532,0.745,0.04,0.574,0.608
21189,Scoresby,0.427,0.708,0.052,0.463,0.571
21190,Scotts Creek (Vic.),0.43,0.82,0.037,0.577,0.768
21191,Sea Lake,0.408,0.815,0.044,0.69,0.801
21192,Seabrook,0.429,0.699,0.058,0.529,0.531
21193,Seaford (Vic.),0.54,0.696,0.078,0.403,0.573
21194,Seaholme,0.429,0.699,0.058,0.529,0.531
21195,Seaspray,0.427,0.787,0.046,0.563,0.667
21196,Seaton (Vic.),0.427,0.787,0.046,0.563,0.667
21197,Sebastian,0.438,0.749,0.071,0.59,0.69
21198,Sebastopol (Vic.),0.509,0.732,0.051,0.519,0.65
21199,Seddon (Vic.),0.49,0.705,0.073,0.531,0.548
21200,Sedgwick,0.438,0.749,0.071,0.59,0.69
21201,Selby,0.443,0.73,0.055,0.579,0.661
21202,Serpentine (Vic.),0.466,0.764,0.072,0.667,0.63
21203,Serviceton,0.42,0.782,0.036,0.69,0.707
21204,Seville,0.443,0.73,0.055,0.579,0.661
21205,Seville East,0.443,0.73,0.055,0.579,0.661
21206,Seymour (Vic.),0.426,0.748,0.077,0.598,0.638
21207,Shady Creek,0.497,0.77,0.036,0.62,0.716
21208,She Oaks,0.532,0.745,0.04,0.574,0.608
21209,Shelbourne,0.438,0.749,0.071,0.59,0.69
21210,Shelford,0.532,0.745,0.04,0.574,0.608
21211,Shepparton,0.451,0.754,0.08,0.549,0.713
21212,Shepparton East,0.451,0.754,0.08,0.549,0.713
21213,Shepparton North,0.451,0.754,0.08,0.549,0.713
21214,Sherbrooke,0.443,0.73,0.055,0.579,0.661
21215,Shoreham,0.467,0.755,0.056,0.505,0.639
21216,Silvan,0.443,0.73,0.055,0.579,0.661
21217,Silverleaves,0.357,0.757,0.056,0.68,0.652
21218,Simpson (Vic.),0.43,0.82,0.037,0.577,0.768
21219,Skenes Creek,0.527,0.795,0.057,0.678,0.765
21220,Skipton,0.43,0.754,0.048,0.693,0.64
21221,Skye (Vic.),0.54,0.696,0.078,0.403,0.573
21222,Smeaton,0.501,0.757,0.039,0.682,0.728
21223,Smiths Beach,0.357,0.757,0.056,0.68,0.652
21224,Smiths Gully,0.566,0.718,0.027,0.558,0.748
21225,Smythes Creek,0.532,0.745,0.04,0.574,0.608
21226,Smythesdale,0.532,0.745,0.04,0.574,0.608
21227,Snake Valley,0.43,0.754,0.048,0.693,0.64
21228,Soldiers Hill (Vic.),0.509,0.732,0.051,0.519,0.65
21229,Somers,0.467,0.755,0.056,0.505,0.639
21230,Somerton (Vic.),0.398,0.712,0.089,0.433,0.406
21231,Somerville (Vic.),0.467,0.755,0.056,0.505,0.639
21232,Sorrento (Vic.),0.467,0.755,0.056,0.505,0.639
21233,South Dudley,0.357,0.757,0.056,0.68,0.652
21234,South Geelong,0.451,0.743,0.082,0.489,0.534
21235,South Kingsville,0.429,0.699,0.058,0.529,0.531
21236,South Melbourne,0.588,0.697,0.05,0.594,0.667
21237,South Morang,0.344,0.719,0.079,0.369,0.446
21238,South Purrumbete,0.43,0.82,0.037,0.577,0.768
21239,South Wharf,0.573,0.69,0.049,0.586,0.602
21240,South Yarra,0.511,0.716,0.04,0.544,0.598
21241,Southbank,0.573,0.69,0.049,0.586,0.602
21242,Spotswood,0.429,0.699,0.058,0.529,0.531
21243,Spring Gully (Vic.),0.438,0.749,0.071,0.59,0.69
21244,Springbank,0.475,0.752,0.057,0.618,0.65
21245,Springhurst,0.48,0.81,0.064,0.56,0.804
21246,Springvale (Vic.),0.31,0.703,0.123,0.264,0.393
21247,Springvale South,0.31,0.703,0.123,0.264,0.393
21248,St Albans (Vic.),0.352,0.651,0.099,0.356,0.4
21249,St Albans Park,0.451,0.743,0.082,0.489,0.534
21250,St Andrews (Vic.),0.566,0.718,0.027,0.558,0.748
21251,St Andrews Beach,0.467,0.755,0.056,0.505,0.639
21252,St Arnaud,0.503,0.789,0.055,0.503,0.734
21253,St Helena,0.522,0.742,0.049,0.504,0.598
21254,St James (Vic.),0.402,0.767,0.067,0.56,0.758
21255,St Kilda (Vic.),0.588,0.697,0.05,0.594,0.667
21256,St Kilda East,0.588,0.697,0.05,0.594,0.667
21257,St Kilda West,0.588,0.697,0.05,0.594,0.667
21258,St Leonards (Vic.),0.451,0.743,0.082,0.489,0.534
21259,Staghorn Flat,0.528,0.769,0.047,0.658,0.75
21260,Stanhope (Vic.),0.459,0.773,0.064,0.6,0.746
21261,Stanley (Vic.),0.528,0.769,0.047,0.658,0.75
21262,Stawell,0.503,0.789,0.055,0.503,0.734
21263,Steels Creek,0.443,0.73,0.055,0.579,0.661
21264,Stony Creek (South Gippsland - Vic.),0.498,0.798,0.033,0.714,0.719
21265,Stradbroke,0.427,0.787,0.046,0.563,0.667
21266,Stratford (Vic.),0.427,0.787,0.046,0.563,0.667
21267,Strath Creek,0.406,0.807,0.051,0.617,0.65
21268,Strathbogie,0.573,0.777,0.052,0.713,0.776
21269,Strathdale,0.438,0.749,0.071,0.59,0.69
21270,Strathdownie,0.454,0.784,0.063,0.622,0.751
21271,Strathewen,0.566,0.718,0.027,0.558,0.748
21272,Strathfieldsaye,0.438,0.749,0.071,0.59,0.69
21273,Strathmerton,0.402,0.767,0.067,0.56,0.758
21274,Strathmore (Vic.),0.468,0.737,0.056,0.544,0.615
21275,Strathmore Heights,0.468,0.737,0.056,0.544,0.615
21276,Streatham,0.446,0.785,0.06,0.502,0.722
21277,Strzelecki (Vic.),0.498,0.798,0.033,0.714,0.719
21278,Sugarloaf Creek,0.426,0.748,0.077,0.598,0.638
21279,Sulky,0.509,0.732,0.051,0.519,0.65
21280,Sunbury,0.398,0.712,0.089,0.433,0.406
21281,Sunset Strip (Vic.),0.357,0.757,0.056,0.68,0.652
21282,Sunshine (Vic.),0.352,0.651,0.099,0.356,0.4
21283,Sunshine North,0.352,0.651,0.099,0.356,0.4
21284,Sunshine West,0.352,0.651,0.099,0.356,0.4
21285,Surf Beach (Vic.),0.357,0.757,0.056,0.68,0.652
21286,Surrey Hills,0.567,0.721,0.04,0.559,0.654
21287,Swan Hill,0.459,0.804,0.049,0.656,0.631
21288,Swan Marsh,0.527,0.795,0.057,0.678,0.765
21289,Swan Reach (Vic.),0.434,0.767,0.06,0.622,0.674
21290,Swanpool,0.501,0.778,0.073,0.644,0.664
21291,Swifts Creek,0.434,0.767,0.06,0.622,0.674
21292,Sydenham (Vic.),0.352,0.651,0.099,0.356,0.4
21293,Taggerty,0.406,0.807,0.051,0.617,0.65
21294,Talbot (Vic.),0.407,0.785,0.09,0.569,0.725
21295,Talgarno,0.546,0.805,0.058,0.582,0.724
21296,Tallangatta,0.546,0.805,0.058,0.582,0.724
21297,Tallangatta South,0.546,0.805,0.058,0.582,0.724
21298,Tallangatta Valley,0.546,0.805,0.058,0.582,0.724
21299,Tallarook,0.426,0.748,0.077,0.598,0.638
21300,Tallygaroopna,0.451,0.754,0.08,0.549,0.713
21301,Tambo Upper,0.434,0.767,0.06,0.622,0.674
21302,Taminick,0.501,0.778,0.073,0.644,0.664
21303,Tangambalanga,0.528,0.769,0.047,0.658,0.75
21304,Tanjil Bren,0.497,0.77,0.036,0.62,0.716
21305,Tanjil South,0.497,0.77,0.036,0.62,0.716
21306,Taradale (Vic.),0.559,0.768,0.064,0.733,0.815
21307,Tarnagulla,0.466,0.764,0.072,0.667,0.63
21308,Tarneit,0.401,0.687,0.07,0.498,0.499
21309,Tarrawingee,0.48,0.81,0.064,0.56,0.804
21310,Tarrington,0.541,0.777,0.054,0.593,0.74
21311,Tarwin Lower,0.498,0.798,0.033,0.714,0.719
21312,Tatong,0.501,0.778,0.073,0.644,0.664
21313,Tatura,0.451,0.754,0.08,0.549,0.713
21314,Tatura East,0.451,0.754,0.08,0.549,0.713
21315,Tatyoon,0.446,0.785,0.06,0.502,0.722
21316,Tawonga,0.47,0.825,0.044,0.634,0.796
21317,Tawonga South,0.47,0.825,0.044,0.634,0.796
21318,Taylor Bay,0.406,0.807,0.051,0.617,0.65
21319,Taylors Hill,0.407,0.706,0.076,0.445,0.49
21320,Taylors Lakes,0.352,0.651,0.099,0.356,0.4
21321,Tecoma,0.443,0.73,0.055,0.579,0.661
21322,Teesdale (Vic.),0.532,0.745,0.04,0.574,0.608
21323,Telopea Downs,0.42,0.782,0.036,0.69,0.707
21324,Templestowe,0.532,0.739,0.06,0.405,0.657
21325,Templestowe Lower,0.532,0.739,0.06,0.405,0.657
21326,Tenby Point,0.357,0.757,0.056,0.68,0.652
21327,Terang,0.43,0.82,0.037,0.577,0.768
21328,The Basin (Vic.),0.427,0.708,0.052,0.463,0.571
21329,The Gurdies,0.357,0.757,0.056,0.68,0.652
21330,The Patch,0.443,0.73,0.055,0.579,0.661
21331,Thomastown,0.344,0.719,0.079,0.369,0.446
21332,Thomson (Greater Geelong - Vic.),0.451,0.743,0.082,0.489,0.534
21333,Thornbury,0.424,0.703,0.078,0.426,0.556
21334,Thornton (Vic.),0.406,0.807,0.051,0.617,0.65
21335,Thorpdale,0.497,0.77,0.036,0.62,0.716
21336,Three Bridges,0.443,0.73,0.055,0.579,0.661
21337,Timboon,0.43,0.82,0.037,0.577,0.768
21338,Tinamba,0.427,0.787,0.046,0.563,0.667
21339,Tol Tol,0.459,0.804,0.049,0.656,0.631
21340,Tolmie,0.532,0.822,0.038,0.721,0.886
21341,Tom Groggin,0.434,0.767,0.06,0.622,0.674
21342,Tongala,0.459,0.773,0.064,0.6,0.746
21343,Tonimbuk,0.48,0.715,0.068,0.537,0.628
21344,Tooborac,0.426,0.748,0.077,0.598,0.638
21345,Toolamba,0.451,0.754,0.08,0.549,0.713
21346,Toolangi,0.406,0.807,0.051,0.617,0.65
21347,Toolern Vale,0.407,0.706,0.076,0.445,0.49
21348,Toolleen,0.459,0.773,0.064,0.6,0.746
21349,Toolondo,0.439,0.803,0.042,0.674,0.843
21350,Toongabbie (Vic.),0.497,0.77,0.036,0.62,0.716
21351,Toora (Vic.),0.498,0.798,0.033,0.714,0.719
21352,Toora North,0.498,0.798,0.033,0.714,0.719
21353,Tooradin,0.416,0.669,0.079,0.381,0.525
21354,Toorak,0.511,0.716,0.04,0.544,0.598
21355,Toorloo Arm,0.434,0.767,0.06,0.622,0.674
21356,Tootgarook,0.467,0.755,0.056,0.505,0.639
21357,Torquay (Vic.),0.546,0.776,0.038,0.693,0.793
21358,Torrumbarry,0.459,0.773,0.064,0.6,0.746
21359,Tottenham (Vic.),0.49,0.705,0.073,0.531,0.548
21360,Trafalgar (Vic.),0.497,0.77,0.036,0.62,0.716
21361,Trafalgar East,0.497,0.77,0.036,0.62,0.716
21362,Trafalgar South,0.497,0.77,0.036,0.62,0.716
21363,Tragowel,0.393,0.814,0.042,0.72,0.795
21364,Traralgon,0.407,0.748,0.069,0.614,0.601
21365,Traralgon East,0.407,0.748,0.069,0.614,0.601
21366,Traralgon South,0.407,0.748,0.069,0.614,0.601
21367,Travancore,0.468,0.737,0.056,0.544,0.615
21368,Trawalla,0.43,0.754,0.048,0.693,0.64
21369,Tremont,0.443,0.73,0.055,0.579,0.661
21370,Trentham,0.501,0.757,0.039,0.682,0.728
21371,Tresco,0.459,0.804,0.049,0.656,0.631
21372,Truganina,0.401,0.687,0.07,0.498,0.499
21373,Tuerong,0.467,0.755,0.056,0.505,0.639
21374,Tullamarine,0.398,0.712,0.089,0.433,0.406
21375,Tungamah,0.402,0.767,0.067,0.56,0.758
21376,Tyabb,0.467,0.755,0.056,0.505,0.639
21377,Tyers,0.407,0.748,0.069,0.614,0.601
21378,Tylden,0.511,0.773,0.033,0.686,0.681
21379,Tynong,0.48,0.715,0.068,0.537,0.628
21380,Tynong North,0.48,0.715,0.068,0.537,0.628
21381,Tyntynder,0.459,0.804,0.049,0.656,0.631
21382,Tyntynder South,0.459,0.804,0.049,0.656,0.631
21383,Tyrendarra,0.454,0.784,0.063,0.622,0.751
21384,Ultima,0.459,0.804,0.049,0.656,0.631
21385,Undera,0.451,0.754,0.08,0.549,0.713
21386,Underbool,0.481,0.775,0.075,0.529,0.729
21387,Upper Ferntree Gully,0.427,0.708,0.052,0.463,0.571
21388,Upper Gundowring,0.47,0.825,0.044,0.634,0.796
21389,Upper Plenty,0.426,0.748,0.077,0.598,0.638
21390,Upwey,0.443,0.73,0.055,0.579,0.661
21391,Vectis,0.439,0.803,0.042,0.674,0.843
21392,Ventnor (Vic.),0.357,0.757,0.056,0.68,0.652
21393,Venus Bay (Vic.),0.498,0.798,0.033,0.714,0.719
21394,Vermont,0.509,0.69,0.061,0.541,0.585
21395,Vermont South,0.509,0.69,0.061,0.541,0.585
21396,Viewbank,0.522,0.742,0.049,0.504,0.598
21397,Vinifera,0.459,0.804,0.049,0.656,0.631
21398,Violet Town,0.573,0.777,0.052,0.713,0.776
21399,Waaia,0.402,0.767,0.067,0.56,0.758
21400,Wahgunyah,0.528,0.769,0.047,0.658,0.75
21401,Wahring,0.573,0.777,0.052,0.713,0.776
21402,Waldara,0.48,0.81,0.064,0.56,0.804
21403,Walkerville (Vic.),0.498,0.798,0.033,0.714,0.719
21404,Wallan,0.426,0.748,0.077,0.598,0.638
21405,Wallington,0.451,0.743,0.082,0.489,0.534
21406,Walmer (Vic.),0.559,0.768,0.064,0.733,0.815
21407,Walpa,0.434,0.767,0.06,0.622,0.674
21408,Walpeup,0.481,0.775,0.075,0.529,0.729
21409,Walwa,0.546,0.805,0.058,0.582,0.724
21410,Wandana Heights,0.451,0.743,0.082,0.489,0.534
21411,Wandiligong,0.47,0.825,0.044,0.634,0.796
21412,Wandin East,0.443,0.73,0.055,0.579,0.661
21413,Wandin North,0.443,0.73,0.055,0.579,0.661
21414,Wando Vale,0.454,0.784,0.063,0.622,0.751
21415,Wandong,0.426,0.748,0.077,0.598,0.638
21416,Wangandary,0.48,0.81,0.064,0.56,0.804
21417,Wangaratta (Vic.),0.48,0.81,0.064,0.56,0.804
21418,Wangaratta South,0.48,0.81,0.064,0.56,0.804
21419,Wantirna,0.427,0.708,0.052,0.463,0.571
21420,Wantirna South,0.427,0.708,0.052,0.463,0.571
21421,Waranga Shores,0.459,0.773,0.064,0.6,0.746
21422,Warburton (Vic.),0.443,0.73,0.055,0.579,0.661
21423,Warncoort,0.527,0.795,0.057,0.678,0.765
21424,Warneet,0.416,0.669,0.079,0.381,0.525
21425,Warracknabeal,0.4,0.798,0.051,0.732,0.722
21426,Warragul,0.497,0.77,0.036,0.62,0.716
21427,Warragul South,0.497,0.77,0.036,0.62,0.716
21428,Warrandyte,0.532,0.739,0.06,0.405,0.657
21429,Warrandyte South,0.532,0.739,0.06,0.405,0.657
21430,Warranwood,0.51,0.708,0.056,0.485,0.505
21431,Warrenbayne,0.501,0.778,0.073,0.644,0.664
21432,Warrenheip,0.509,0.732,0.051,0.519,0.65
21433,Warrion,0.527,0.795,0.057,0.678,0.765
21434,Warrnambool,0.526,0.771,0.05,0.631,0.797
21435,Warrong,0.547,0.782,0.031,0.609,0.761
21436,Wartook,0.439,0.803,0.042,0.674,0.843
21437,Watchem,0.408,0.815,0.044,0.69,0.801
21438,Waterford Park,0.426,0.748,0.077,0.598,0.638
21439,Waterways,0.465,0.708,0.065,0.483,0.559
21440,Watsonia,0.522,0.742,0.049,0.504,0.598
21441,Watsonia North,0.522,0.742,0.049,0.504,0.598
21442,Wattle Bank,0.357,0.757,0.056,0.68,0.652
21443,Wattle Glen,0.566,0.718,0.027,0.558,0.748
21444,Waubra,0.43,0.754,0.048,0.693,0.64
21445,Waurn Ponds,0.451,0.743,0.082,0.489,0.534
21446,Wedderburn (Vic.),0.466,0.764,0.072,0.667,0.63
21447,Wellsford,0.438,0.749,0.071,0.59,0.69
21448,Welshmans Reef,0.559,0.768,0.064,0.733,0.815
21449,Welshpool (Vic.),0.498,0.798,0.033,0.714,0.719
21450,Wemen,0.459,0.804,0.049,0.656,0.631
21451,Wendouree,0.509,0.732,0.051,0.519,0.65
21452,Werribee,0.401,0.687,0.07,0.498,0.499
21453,Werribee South,0.401,0.687,0.07,0.498,0.499
21454,Werrimull,0.481,0.775,0.075,0.529,0.729
21455,Wesburn,0.443,0.73,0.055,0.579,0.661
21456,West Bendigo,0.438,0.749,0.071,0.59,0.69
21457,West Footscray,0.49,0.705,0.073,0.531,0.548
21458,West Melbourne,0.573,0.69,0.049,0.586,0.602
21459,West Wodonga,0.479,0.758,0.075,0.53,0.748
21460,Westmeadows,0.398,0.712,0.089,0.433,0.406
21461,Wharparilla,0.459,0.773,0.064,0.6,0.746
21462,Wheatsheaf,0.501,0.757,0.039,0.682,0.728
21463,Wheelers Hill,0.432,0.709,0.038,0.417,0.498
21464,White Hills (Vic.),0.438,0.749,0.071,0.59,0.69
21465,Whiteheads Creek,0.426,0.748,0.077,0.598,0.638
21466,Whitfield (Vic.),0.48,0.81,0.064,0.56,0.804
21467,Whittington,0.451,0.743,0.082,0.489,0.534
21468,Whittlesea,0.344,0.719,0.079,0.369,0.446
21469,Whorouly,0.48,0.81,0.064,0.56,0.804
21470,Wilby,0.402,0.767,0.067,0.56,0.758
21471,Wildwood,0.398,0.712,0.089,0.433,0.406
21472,Willaura,0.446,0.785,0.06,0.502,0.722
21473,Williams Landing,0.401,0.687,0.07,0.498,0.499
21474,Williamstown (Vic.),0.429,0.699,0.058,0.529,0.531
21475,Williamstown North,0.429,0.699,0.058,0.529,0.531
21476,Willow Grove,0.497,0.77,0.036,0.62,0.716
21477,Willowmavin,0.426,0.748,0.077,0.598,0.638
21478,Willung South,0.427,0.787,0.046,0.563,0.667
21479,Wilsons Promontory,0.498,0.798,0.033,0.714,0.719
21480,Wimbledon Heights,0.357,0.757,0.056,0.68,0.652
21481,Winchelsea,0.546,0.776,0.038,0.693,0.793
21482,Winchelsea South,0.546,0.776,0.038,0.693,0.793
21483,Windermere (Vic.),0.509,0.732,0.051,0.519,0.65
21484,Windsor (Vic.),0.511,0.716,0.04,0.544,0.598
21485,Winslow,0.547,0.782,0.031,0.609,0.761
21486,Winton (Vic.),0.501,0.778,0.073,0.644,0.664
21487,Wodonga,0.479,0.758,0.075,0.53,0.748
21488,Wollert,0.344,0.719,0.079,0.369,0.446
21489,Won Wron,0.427,0.787,0.046,0.563,0.667
21490,Wonga Park,0.532,0.739,0.06,0.405,0.657
21491,Wonthaggi,0.357,0.757,0.056,0.68,0.652
21492,Wood Wood,0.459,0.804,0.049,0.656,0.631
21493,Woodend (Vic.),0.511,0.773,0.033,0.686,0.681
21494,Woodend North,0.511,0.773,0.033,0.686,0.681
21495,Woodford (Vic.),0.526,0.771,0.05,0.631,0.797
21496,Woodside (Vic.),0.427,0.787,0.046,0.563,0.667
21497,Woodstock (Vic.),0.344,0.719,0.079,0.369,0.446
21498,Woodvale (Vic.),0.438,0.749,0.071,0.59,0.69
21499,Woolamai,0.357,0.757,0.056,0.68,0.652
21500,Woolsthorpe,0.547,0.782,0.031,0.609,0.761
21501,Woomelang,0.4,0.798,0.051,0.732,0.722
21502,Wooragee,0.528,0.769,0.047,0.658,0.75
21503,Woorarra West,0.498,0.798,0.033,0.714,0.719
21504,Woori Yallock,0.443,0.73,0.055,0.579,0.661
21505,Woorinen,0.459,0.804,0.049,0.656,0.631
21506,Woorinen South,0.459,0.804,0.049,0.656,0.631
21507,Woorndoo,0.547,0.782,0.031,0.609,0.761
21508,Wunghnu,0.402,0.767,0.067,0.56,0.758
21509,Wurruk,0.427,0.787,0.046,0.563,0.667
21510,Wy Yung,0.434,0.767,0.06,0.622,0.674
21511,Wycheproof,0.408,0.815,0.044,0.69,0.801
21512,Wye River,0.527,0.795,0.057,0.678,0.765
21513,Wyndham Vale,0.401,0.687,0.07,0.498,0.499
21514,Wyuna (Vic.),0.459,0.773,0.064,0.6,0.746
21515,Yabba North,0.402,0.767,0.067,0.56,0.758
21516,Yackandandah,0.528,0.769,0.047,0.658,0.75
21517,Yalca,0.402,0.767,0.067,0.56,0.758
21518,Yallambie,0.522,0.742,0.049,0.504,0.598
21519,Yallourn,0.407,0.748,0.069,0.614,0.601
21520,Yallourn North,0.407,0.748,0.069,0.614,0.601
21521,Yambuk,0.547,0.782,0.031,0.609,0.761
21522,Yan Yean,0.344,0.719,0.079,0.369,0.446
21523,Yanakie,0.498,0.798,0.033,0.714,0.719
21524,Yandoit,0.501,0.757,0.039,0.682,0.728
21525,Yannathan,0.48,0.715,0.068,0.537,0.628
21526,Yapeen,0.559,0.768,0.064,0.733,0.815
21527,Yarck,0.406,0.807,0.051,0.617,0.65
21528,Yarra Glen,0.443,0.73,0.055,0.579,0.661
21529,Yarra Junction,0.443,0.73,0.055,0.579,0.661
21530,Yarragon,0.497,0.77,0.036,0.62,0.716
21531,Yarragon South,0.497,0.77,0.036,0.62,0.716
21532,Yarram,0.427,0.787,0.046,0.563,0.667
21533,Yarrambat,0.566,0.718,0.027,0.558,0.748
21534,Yarraville,0.49,0.705,0.073,0.531,0.548
21535,Yarrawonga (Vic.),0.402,0.767,0.067,0.56,0.758
21536,Yarroweyah,0.402,0.767,0.067,0.56,0.758
21537,Yea,0.406,0.807,0.051,0.617,0.65
21538,Yellingbo,0.443,0.73,0.055,0.579,0.661
21539,Yelta (Vic.),0.481,0.775,0.075,0.529,0.729
21540,Yendon,0.475,0.752,0.057,0.618,0.65
21541,Yinnar,0.407,0.748,0.069,0.614,0.601
21542,Yinnar South,0.407,0.748,0.069,0.614,0.601
21543,Yulecart,0.541,0.777,0.054,0.593,0.74
21544,Yuroke,0.398,0.712,0.089,0.433,0.406
40131,Coonawarra (SA),0.42,0.782,0.036,0.69,0.707
40158,Donovans,0.454,0.784,0.063,0.622,0.751
40234,Glenburnie,0.454,0.784,0.063,0.622,0.751
40319,Joanna,0.42,0.782,0.036,0.69,0.707
40323,Kalangadoo,0.454,0.784,0.063,0.622,0.751
40425,Mil-Lel,0.454,0.784,0.063,0.622,0.751
40431,Mingbool,0.454,0.784,0.063,0.622,0.751
40474,Murtho,0.481,0.775,0.075,0.529,0.729
40495,Ngarkat,0.481,0.775,0.075,0.529,0.729
40549,Parilla,0.481,0.775,0.075,0.529,0.729
40567,Penola,0.454,0.784,0.063,0.622,0.751
40670,Sherwood (SA),0.42,0.782,0.036,0.69,0.707
40707,Taldra,0.481,0.775,0.075,0.529,0.729
40711,Taplan,0.481,0.775,0.075,0.529,0.729
40792,Western Flat,0.42,0.782,0.036,0.69,0.707
40800,Wild Dog Valley (SA),0.42,0.782,0.036,0.69,0.707
40816,Wolseley,0.42,0.782,0.036,0.69,0.707
40846,Yunta,0.481,0.775,0.075,0.529,0.729
